18A Test,,,,,,
Time (ms),Voltage1 (V),Current1 (A),Voltage2 (V),Current2 (A),Voltage3 (V),Current3 (A)
632,12.508,18.027,12.24,18.043,12.268,18.028
1212,12.441,18.027,12.174,18.043,12.201,18.028
1805,12.391,18.027,12.108,18.043,12.152,18.028
2397,12.358,18.027,12.058,18.043,12.102,18.028
2972,12.325,18.027,12.025,18.043,12.052,18.028
3487,12.308,18.027,11.992,18.043,11.936,18.028
4035,12.308,18.027,11.975,18.043,11.936,18.028
4558,12.292,18.027,11.958,18.043,11.919,18.028
5083,12.275,18.027,11.942,18.043,11.919,18.028
5595,12.275,18.027,11.925,18.043,11.886,18.028
6092,12.275,18.027,11.925,18.043,11.886,18.028
6633,12.275,18.027,11.909,18.043,11.87,18.028
7174,12.258,18.027,11.909,18.043,11.853,18.028
7672,12.258,18.027,11.892,18.043,11.853,18.028
8207,12.258,18.027,11.892,18.043,11.853,18.028
8711,12.258,18.027,11.892,18.043,11.837,18.028
9236,12.258,18.027,11.876,18.043,11.837,18.028
9741,12.258,18.027,11.876,18.027,11.82,18.028
10272,12.258,18.027,11.876,18.043,12.533,0.006
10834,12.258,18.027,12.555,0.02,12.566,0.006
11312,12.258,18.027,12.588,0.003,12.583,0.006
11816,12.258,18.027,12.605,0.003,12.583,0.006
12285,12.258,18.027,12.621,0.003,12.6,0.006
12790,12.258,18.027,12.638,0.02,12.6,0.006
13261,12.258,18.027,12.638,0.003,12.616,0.006
13761,12.258,18.027,12.654,0.02,12.616,-0.01
14235,12.258,18.027,12.654,0.003,12.633,-0.01
14740,12.258,18.027,12.671,0.003,12.633,0.006
15232,12.258,18.027,12.671,0.003,12.633,-0.01
15731,12.258,18.027,12.688,0.003,12.649,-0.01
16205,12.258,18.027,12.688,0.003,12.649,-0.01
16732,12.258,18.027,12.688,0.003,12.649,-0.01
17217,12.258,18.027,12.704,0.003,12.666,-0.01
17725,12.258,18.027,12.704,0.003,12.666,-0.01
18219,12.258,18.027,12.704,0.003,12.666,0.006
18689,12.258,18.027,12.721,0.003,12.682,0.006
19204,12.258,18.027,12.721,0.003,12.682,0.006
19678,12.258,18.027,12.721,0.003,12.682,-0.01
20183,12.258,18.027,12.721,0.003,12.682,-0.01
20669,12.258,18.027,12.721,0.003,12.699,-0.01
21190,12.258,18.027,12.737,0.003,12.699,-0.01
21676,12.258,18.027,12.737,0.003,12.699,-0.01
22174,12.258,18.027,12.737,0.003,12.699,-0.01
22657,12.258,18.027,12.737,0.003,12.716,-0.01
23167,12.258,18.027,12.754,0.003,12.716,-0.01
23631,12.258,18.027,12.754,0.003,12.716,-0.01
24131,12.258,18.027,12.754,0.003,12.716,-0.01
24613,12.258,18.027,12.754,0.003,12.716,-0.01
25119,12.258,18.027,12.754,0.003,12.732,-0.01
25601,12.258,18.027,12.754,0.003,12.732,-0.01
26108,12.258,18.027,12.77,0.003,12.732,-0.01
26580,12.258,18.027,12.77,0.003,12.732,-0.01
27119,12.258,18.027,12.77,0.003,12.732,-0.01
27625,12.258,18.027,12.77,0.003,12.749,-0.01
28099,12.258,18.027,12.77,0.003,12.749,-0.01
28607,12.258,18.027,12.77,0.003,12.749,-0.01
29088,12.258,18.027,12.787,0.003,12.749,-0.01
29584,12.258,18.027,12.787,0.003,12.749,-0.01
30061,12.258,18.027,12.787,0.003,12.749,-0.01
30581,12.258,18.027,12.787,0.003,12.765,-0.01
31068,12.258,18.027,12.787,0.003,12.765,-0.01
31582,12.258,18.027,12.787,0.003,12.765,-0.01
32074,12.258,18.027,12.787,0.003,12.765,-0.01
32576,12.258,18.027,12.803,0.003,12.765,-0.01
33061,12.258,18.027,12.803,0.003,12.765,-0.01
33565,12.258,18.027,12.803,0.003,12.782,-0.01
34034,12.258,18.027,12.803,0.003,12.782,-0.01
34536,12.258,18.027,12.803,0.003,12.782,-0.01
35038,12.258,18.027,12.803,0.003,12.782,-0.01
35544,12.258,18.027,12.803,0.003,12.782,-0.01
36021,12.258,18.027,12.803,0.003,12.782,-0.01
36524,12.258,18.027,12.82,0.003,12.782,-0.01
37042,12.258,18.027,12.82,0.003,12.799,-0.01
37547,12.258,18.027,12.82,0.003,12.799,-0.01
38042,12.258,18.027,12.82,0.003,12.799,-0.01
38510,12.258,18.027,12.82,0.003,12.799,-0.01
39025,12.258,18.027,12.82,0.003,12.799,-0.01
39511,12.258,18.027,12.82,0.003,12.799,-0.01
40015,12.258,18.027,12.82,0.003,12.799,-0.01
40498,12.258,18.027,12.82,0.003,12.799,-0.01
40993,12.258,18.027,12.837,0.003,12.815,-0.01
41475,12.258,18.027,12.837,0.003,12.815,-0.01
41986,12.258,18.027,12.837,0.003,12.815,-0.01
42505,12.242,18.027,12.837,0.003,12.815,-0.01
43078,12.258,18.027,12.837,0.003,12.815,-0.01
43579,12.242,18.027,12.837,0.003,12.815,-0.01
44057,12.242,18.027,12.837,0.003,12.815,-0.01
44557,12.242,18.027,12.837,0.003,12.815,-0.01
45030,12.242,18.027,12.837,0.003,12.815,-0.01
45529,12.242,18.027,12.853,0.003,12.832,0.006
46004,12.242,18.027,12.853,0.003,12.832,-0.01
46501,12.242,18.027,12.853,0.003,12.832,-0.01
46980,12.242,18.027,12.853,0.003,12.832,-0.01
47506,12.242,18.027,12.853,0.003,12.832,-0.01
47987,12.242,18.027,12.853,0.003,12.832,-0.01
48497,12.242,18.027,12.853,0.003,12.832,-0.01
48974,12.242,18.027,12.853,0.003,12.832,-0.01
49470,12.242,18.027,12.853,0.003,12.832,-0.01
49950,12.242,18.027,12.853,0.003,12.832,-0.01
50463,12.242,18.027,12.853,0.003,12.832,-0.01
50955,12.242,18.027,12.853,0.003,12.848,-0.01
51468,12.242,18.027,12.853,0.003,12.848,-0.01
51947,12.242,18.027,12.87,0.003,12.848,-0.01
52442,12.242,18.027,12.87,0.003,12.848,-0.01
52918,12.242,18.027,12.87,0.003,12.848,-0.01
53463,12.242,18.027,12.87,0.003,12.848,-0.01
53965,12.242,18.027,12.87,0.003,12.848,-0.01
54434,12.242,18.027,12.87,0.003,12.848,-0.01
54942,12.242,18.027,12.87,0.003,12.848,-0.01
55425,12.242,18.027,12.87,0.003,12.848,-0.01
55927,12.242,18.027,12.87,0.003,12.848,-0.01
56406,12.242,18.027,12.87,0.003,12.848,-0.01
56917,12.242,18.027,12.87,0.003,12.865,-0.01
57395,12.242,18.027,12.87,0.003,12.865,-0.01
57899,12.242,18.027,12.87,0.003,12.865,-0.01
58381,12.242,18.027,12.87,0.003,12.865,-0.01
58879,12.242,18.027,12.886,0.003,12.865,-0.01
59370,12.242,18.027,12.886,0.003,12.865,-0.01
59886,12.242,18.027,12.886,0.003,12.865,-0.01
60366,12.242,18.027,12.886,0.003,12.865,-0.01
60864,12.242,18.027,12.886,0.003,12.865,-0.01
61343,12.242,18.027,12.886,0.003,12.865,-0.01
61847,12.242,18.027,12.886,0.003,12.865,-0.01
62313,12.242,18.027,12.886,0.003,12.865,-0.01
62813,12.242,18.027,12.886,0.003,12.865,-0.01
63320,12.242,18.027,12.886,0.003,12.865,-0.01
63823,12.242,18.027,12.886,0.003,12.882,-0.01
64311,12.242,18.027,12.886,0.003,12.882,-0.01
64811,12.242,18.027,12.886,0.003,12.882,-0.01
65289,12.242,18.027,12.886,0.003,12.882,-0.01
65792,12.242,18.027,12.886,0.003,12.882,-0.01
66272,12.242,18.027,12.886,0.003,12.882,-0.01
66760,12.242,18.027,12.886,0.003,12.882,-0.01
67249,12.242,18.027,12.886,0.003,12.882,-0.01
67790,12.225,18.027,12.903,0.003,12.882,-0.01
68265,12.225,18.027,12.903,0.003,12.882,-0.01
68767,12.225,18.027,12.903,0.003,12.882,0.006
69267,12.225,18.027,12.903,0.003,12.882,-0.01
69755,12.225,18.027,12.903,0.003,12.882,-0.01
70267,12.225,18.027,12.903,0.003,12.882,-0.01
70747,12.225,18.027,12.903,0.003,12.882,-0.01
71259,12.225,18.027,12.903,0.003,12.882,-0.01
71743,12.225,18.027,12.903,0.003,12.882,-0.01
72244,12.225,18.027,12.903,0.003,12.898,-0.01
72720,12.225,18.027,12.903,0.003,12.898,-0.01
73218,12.225,18.027,12.903,0.003,12.898,-0.01
73694,12.225,18.027,12.903,0.003,12.898,-0.01
74200,12.225,18.027,12.903,0.003,12.898,-0.01
74678,12.225,18.027,12.903,0.003,12.898,-0.01
75186,12.225,18.027,12.903,0.003,12.898,-0.01
75659,12.225,18.027,12.903,0.003,12.898,-0.01
76158,12.225,18.027,12.903,0.003,12.898,-0.01
76636,12.225,18.027,12.903,0.003,12.898,-0.01
77143,12.225,18.027,12.919,0.003,12.898,-0.01
77655,12.225,18.027,12.919,0.003,12.898,0.006
78167,12.225,18.027,12.919,0.003,12.898,-0.01
78677,12.225,18.027,12.919,0.003,12.898,-0.01
79157,12.225,18.027,12.919,0.003,12.898,-0.01
79664,12.225,18.027,12.919,0.003,12.898,-0.01
80138,12.225,18.027,12.919,0.003,12.898,-0.01
80632,12.225,18.027,12.919,0.003,12.898,0.006
81117,12.225,18.027,12.919,0.003,12.898,-0.01
81627,12.225,18.027,12.919,0.003,12.915,-0.01
82106,12.225,18.027,12.919,0.003,12.915,-0.01
82609,12.225,18.027,12.919,0.003,12.915,-0.01
83093,12.225,18.027,12.919,0.003,12.915,-0.01
83635,12.209,18.027,12.919,0.003,12.915,-0.01
84115,12.209,18.027,12.919,0.003,12.915,-0.01
84615,12.209,18.027,12.919,0.003,12.915,-0.01
85091,12.209,18.027,12.919,0.003,12.915,-0.01
85605,12.209,18.027,12.919,0.003,12.915,-0.01
86083,12.209,18.027,12.919,0.003,12.915,-0.01
86584,12.209,18.027,12.919,0.003,12.915,-0.01
87077,12.209,18.027,12.919,0.003,12.915,-0.01
87584,12.209,18.027,12.919,0.003,12.915,0.006
88065,12.209,18.027,12.919,0.003,12.915,-0.01
88576,12.209,18.027,12.919,0.003,12.915,-0.01
89049,12.209,18.027,12.919,0.003,12.915,-0.01
89551,12.209,18.027,12.919,0.003,12.915,-0.01
90027,12.209,18.027,12.936,0.003,12.915,0.006
90514,12.209,18.027,12.936,0.003,12.915,-0.01
90987,12.209,18.027,12.936,0.003,12.915,-0.01
91513,12.209,18.027,12.936,0.003,12.915,-0.01
91992,12.209,18.027,12.936,0.003,12.915,-0.01
92495,12.209,18.027,12.936,0.003,12.915,-0.01
92976,12.209,18.027,12.936,0.003,12.915,-0.01
93483,12.209,18.027,12.936,0.003,12.915,-0.01
93992,12.209,18.027,12.936,0.003,12.931,-0.01
94496,12.209,18.027,12.936,0.003,12.931,-0.01
94981,12.209,18.027,12.936,0.003,12.931,-0.01
95497,12.209,18.027,12.936,0.003,12.931,-0.01
96015,12.192,18.027,12.936,0.003,12.931,-0.01
96517,12.192,18.027,12.936,0.003,12.931,-0.01
96991,12.192,18.027,12.936,0.003,12.931,-0.01
97504,12.192,18.027,12.936,0.003,12.931,-0.01
98012,12.192,18.027,12.936,0.003,12.931,-0.01
98486,12.192,18.027,12.936,0.003,12.931,-0.01
99017,12.192,18.027,12.936,0.003,12.931,-0.01
99509,12.192,18.027,12.936,0.003,12.931,-0.01
100022,12.192,18.027,12.936,0.003,12.931,-0.01
100505,12.192,18.027,12.936,0.003,12.931,-0.01
101004,12.192,18.027,12.936,0.003,12.931,-0.01
101478,12.192,18.027,12.936,0.003,12.931,-0.01
101991,12.192,18.027,12.936,0.003,12.931,-0.01
102486,12.192,18.027,12.936,0.003,12.931,-0.01
103003,12.192,18.027,12.936,0.003,12.931,-0.01
103489,12.192,18.027,12.936,0.003,12.931,-0.01
104000,12.192,18.027,12.936,0.003,12.931,-0.01
104486,12.192,18.027,12.953,0.003,12.931,-0.01
104997,12.192,18.027,12.953,0.003,12.931,-0.01
105486,12.192,18.027,12.953,0.003,12.931,-0.01
106024,12.192,18.027,12.953,0.003,12.931,-0.01
106515,12.192,18.027,12.953,0.003,12.931,-0.01
107056,12.192,18.027,12.953,0.003,12.931,-0.01
107564,12.175,18.027,12.953,0.003,12.948,-0.01
108043,12.175,18.027,12.953,0.003,12.948,-0.01
108543,12.175,18.027,12.953,0.003,12.948,-0.01
109021,12.175,18.027,12.953,0.003,12.948,-0.01
109525,12.175,18.027,12.953,0.003,12.948,-0.01
110005,12.175,18.027,12.953,0.003,12.948,-0.01
110501,12.175,18.027,12.953,0.003,12.948,-0.01
110989,12.175,18.027,12.953,0.003,12.948,-0.01
111488,12.175,18.027,12.953,0.003,12.948,0.006
111976,12.175,18.027,12.953,0.003,12.948,-0.01
112477,12.175,18.027,12.953,0.003,12.948,0.006
112959,12.175,18.027,12.953,0.003,12.948,-0.01
113472,12.175,18.027,12.953,0.003,12.948,-0.01
113959,12.175,18.027,12.953,0.003,12.948,-0.01
114466,12.175,18.027,12.953,0.003,12.948,-0.01
114942,12.175,18.027,12.953,0.003,12.948,-0.01
115450,12.175,18.027,12.953,0.003,12.948,-0.01
115929,12.175,18.027,12.953,0.003,12.948,-0.01
116433,12.175,18.027,12.953,0.003,12.948,-0.01
116943,12.175,18.027,12.953,0.003,12.948,-0.01
117460,12.159,18.027,12.953,0.003,12.948,-0.01
117975,12.159,18.027,12.953,0.003,12.948,-0.01
118457,12.159,18.027,12.953,0.003,12.948,-0.01
118976,12.159,18.027,12.953,0.003,12.948,-0.01
119462,12.159,18.027,12.953,0.003,12.948,-0.01
119969,12.159,18.027,12.953,0.003,12.948,-0.01
120450,12.159,18.027,12.953,0.003,12.948,-0.01
120956,12.159,18.027,12.953,0.003,12.948,-0.01
121437,12.159,18.027,12.953,0.003,12.948,-0.01
121954,12.159,18.027,12.953,0.003,12.948,-0.01
122429,12.159,18.027,12.953,0.003,12.948,-0.01
122929,12.159,18.027,12.953,0.003,12.948,-0.01
123413,12.159,18.027,12.953,0.003,12.948,-0.01
123920,12.159,18.027,12.953,0.003,12.948,-0.01
124391,12.159,18.027,12.969,0.003,12.948,-0.01
124890,12.159,18.027,12.969,0.003,12.948,-0.01
125361,12.159,18.027,12.969,0.003,12.964,-0.01
125860,12.159,18.027,12.969,0.003,12.964,-0.01
126381,12.159,18.027,12.969,0.003,12.964,-0.01
126888,12.142,18.027,12.969,0.003,12.964,-0.01
127370,12.142,18.027,12.969,0.003,12.964,-0.01
127881,12.142,18.027,12.969,0.003,12.964,-0.01
128359,12.142,18.027,12.969,0.003,12.964,-0.01
128859,12.142,18.027,12.969,0.003,12.964,-0.01
129328,12.142,18.027,12.969,0.003,12.964,-0.01
129836,12.142,18.027,12.969,0.003,12.964,-0.01
130325,12.142,18.027,12.969,0.003,12.964,-0.01
130836,12.142,18.027,12.969,0.003,12.964,-0.01
131337,12.142,18.027,12.969,0.003,12.964,-0.01
131845,12.142,18.027,12.969,0.003,12.964,-0.01
132371,12.142,18.027,12.969,0.003,12.964,-0.01
132855,12.142,18.027,12.969,0.003,12.964,-0.01
133364,12.142,18.027,12.969,0.003,12.964,-0.01
133849,12.142,18.027,12.969,0.003,12.964,-0.01
134352,12.142,18.027,12.969,0.003,12.964,-0.01
134827,12.142,18.027,12.969,0.003,12.964,-0.01
135370,12.142,18.027,12.969,0.003,12.964,-0.01
135851,12.125,18.027,12.969,0.003,12.964,-0.01
136358,12.125,18.027,12.969,0.003,12.964,-0.01
136839,12.125,18.027,12.969,0.003,12.964,-0.01
137339,12.125,18.027,12.969,0.003,12.964,0.006
137820,12.125,18.027,12.969,0.003,12.964,-0.01
138320,12.125,18.027,12.969,0.003,12.964,-0.01
138807,12.125,18.027,12.969,0.003,12.964,0.006
139324,12.125,18.027,12.969,0.003,12.964,-0.01
139804,12.125,18.027,12.969,0.003,12.964,-0.01
140309,12.125,18.027,12.969,0.003,12.964,-0.01
140800,12.125,18.027,12.969,0.003,12.964,-0.01
141312,12.125,18.027,12.969,0.003,12.964,-0.01
141787,12.125,18.027,12.969,0.003,12.964,-0.01
142291,12.125,18.027,12.969,0.003,12.964,0.006
142777,12.125,18.027,12.969,0.003,12.964,-0.01
143299,12.125,18.027,12.969,0.003,12.964,-0.01
143771,12.125,18.027,12.969,0.003,12.964,-0.01
144320,12.109,18.027,12.986,0.003,12.964,-0.01
144838,12.109,18.027,12.986,0.003,12.981,-0.01
145310,12.109,18.027,12.986,0.003,12.981,-0.01
145813,12.109,18.027,12.986,0.003,12.981,-0.01
146301,12.109,18.027,12.986,0.003,12.981,-0.01
146802,12.109,18.027,12.986,0.003,12.981,-0.01
147299,12.109,18.027,12.986,0.003,12.981,-0.01
147787,12.109,18.027,12.986,0.003,12.981,-0.01
148266,12.109,18.027,12.986,0.003,12.981,-0.01
148759,12.109,18.027,12.986,0.003,12.981,-0.01
149230,12.109,18.027,12.986,0.003,12.981,-0.01
149720,12.109,18.027,12.986,0.003,12.981,-0.01
150188,12.109,18.027,12.986,0.003,12.981,-0.01
150678,12.109,18.027,12.986,0.003,12.981,-0.01
151168,12.109,18.027,12.986,0.003,12.981,-0.01
151664,12.109,18.027,12.986,0.003,12.981,-0.01
152146,12.109,18.027,12.986,0.003,12.981,-0.01
152655,12.109,18.027,12.986,0.003,12.981,-0.01
153134,12.109,18.027,12.986,0.003,12.981,-0.01
153667,12.092,18.027,12.986,0.003,12.981,-0.01
154135,12.092,18.027,12.986,0.003,12.981,-0.01
154635,12.092,18.027,12.986,0.003,12.981,-0.01
155139,12.092,18.027,12.986,0.003,12.981,-0.01
155606,12.092,18.027,12.986,0.003,12.981,-0.01
156113,12.092,18.027,12.986,0.003,12.981,-0.01
156601,12.092,18.027,12.986,0.003,12.981,0.006
157106,12.092,18.027,12.986,0.003,12.981,-0.01
157585,12.092,18.027,12.986,0.003,12.981,0.006
158093,12.092,18.027,12.986,0.003,12.981,-0.01
158574,12.092,18.027,12.986,0.003,12.981,-0.01
159090,12.092,18.027,12.986,0.003,12.981,-0.01
159567,12.092,18.027,12.986,0.003,12.981,0.006
160066,12.092,18.027,12.986,0.003,12.981,-0.01
160548,12.092,18.027,12.986,0.003,12.981,-0.01
161055,12.092,18.027,12.986,0.003,12.981,-0.01
161525,12.092,18.027,12.986,0.003,12.981,-0.01
162027,12.092,18.027,12.986,0.003,12.981,-0.01
162505,12.092,18.027,12.986,0.003,12.981,-0.01
163016,12.092,18.027,12.986,0.003,12.981,-0.01
163526,12.092,18.027,12.986,0.003,12.981,-0.01
164062,12.076,18.027,12.986,0.003,12.981,-0.01
164533,12.076,18.027,12.986,0.003,12.981,-0.01
165049,12.076,18.027,12.986,0.003,12.981,-0.01
165526,12.076,18.027,12.986,0.003,12.981,-0.01
166019,12.076,18.027,12.986,0.003,12.981,-0.01
166477,12.076,18.027,12.986,0.003,12.981,-0.01
166991,12.076,18.027,12.986,0.003,12.981,-0.01
167482,12.076,18.027,12.986,0.003,12.981,-0.01
168003,12.076,18.027,12.986,0.003,12.981,-0.01
168505,12.076,18.027,12.986,0.003,12.981,-0.01
168971,12.076,18.027,12.986,0.003,12.981,-0.01
169472,12.076,18.027,12.986,0.003,12.981,-0.01
169947,12.076,18.027,12.986,0.003,12.981,-0.01
170441,12.076,18.027,12.986,0.003,12.981,-0.01
170924,12.076,18.027,12.986,0.003,12.981,-0.01
171428,12.076,18.027,12.986,0.003,12.981,-0.01
171898,12.076,18.027,12.986,0.003,12.998,-0.01
172390,12.076,18.027,12.986,0.003,12.998,-0.01
172864,12.076,18.027,12.986,0.003,12.998,-0.01
173376,12.076,18.027,12.986,0.003,12.998,-0.01
173888,12.076,18.027,12.986,0.003,12.998,-0.01
174399,12.076,18.027,12.986,0.003,12.998,-0.01
174878,12.076,18.027,12.986,0.003,12.998,-0.01
175402,12.076,18.027,12.986,0.003,12.998,-0.01
175925,12.059,18.027,12.986,0.003,12.998,-0.01
176420,12.059,18.027,12.986,0.003,12.998,-0.01
176923,12.059,18.027,12.986,0.003,12.998,-0.01
177401,12.059,18.027,12.986,0.003,12.998,-0.01
177901,12.059,18.027,12.986,0.003,12.998,-0.01
178378,12.059,18.027,13.002,0.003,12.998,-0.01
178884,12.059,18.027,13.002,0.003,12.998,-0.01
179375,12.059,18.027,13.002,0.003,12.998,0.006
179872,12.059,18.027,13.002,0.003,12.998,-0.01
180351,12.059,18.027,13.002,0.003,12.998,-0.01
180854,12.059,18.027,13.002,0.003,12.998,-0.01
181335,12.059,18.027,13.002,0.003,12.998,-0.01
181847,12.059,18.027,13.002,0.003,12.998,-0.01
182322,12.059,18.027,13.002,0.003,12.998,-0.01
182820,12.059,18.027,13.002,0.003,12.998,-0.01
183306,12.059,18.027,13.002,0.003,12.998,-0.01
183810,12.059,18.027,13.002,0.003,12.998,-0.01
184286,12.059,18.027,13.002,0.003,12.998,-0.01
184787,12.059,18.027,13.002,0.003,12.998,-0.01
185261,12.059,18.027,13.002,0.003,12.998,-0.01
185790,12.059,18.027,13.002,0.003,12.998,-0.01
186263,12.059,18.027,13.002,0.003,12.998,-0.01
186773,12.059,18.027,13.002,0.003,12.998,-0.01
187287,12.059,18.027,13.002,0.003,12.998,-0.01
187760,12.059,18.027,13.002,0.003,12.998,-0.01
188271,12.059,18.027,13.002,0.003,12.998,-0.01
188754,12.059,18.027,13.002,0.003,12.998,-0.01
189260,12.059,18.027,13.002,0.003,12.998,-0.01
189743,12.059,18.027,13.002,0.003,12.998,-0.01
190238,12.059,18.027,13.002,0.003,12.998,-0.01
190715,12.059,18.027,13.002,0.003,12.998,0.006
191227,12.059,18.027,13.002,0.003,12.998,-0.01
191707,12.059,18.027,13.002,0.003,12.998,-0.01
192214,12.059,18.027,13.002,0.003,12.998,-0.01
192715,12.059,18.027,13.002,0.003,12.998,0.006
193228,12.042,18.027,13.002,0.003,12.998,-0.01
193703,12.042,18.027,13.002,0.003,12.998,-0.01
194207,12.042,18.027,13.002,0.003,12.998,-0.01
194690,12.042,18.027,13.002,0.003,12.998,-0.01
195199,12.042,18.027,13.002,0.003,12.998,-0.01
195676,12.042,18.027,13.002,0.003,12.998,-0.01
196180,12.042,18.027,13.002,0.003,12.998,-0.01
196668,12.042,18.027,13.002,0.003,12.998,-0.01
197167,12.042,18.027,13.002,0.003,12.998,-0.01
197645,12.042,18.027,13.002,0.003,12.998,-0.01
198130,12.042,18.027,13.002,0.003,12.998,-0.01
198620,12.042,18.027,13.002,0.003,12.998,-0.01
199135,12.042,18.027,13.002,0.003,12.998,0.006
199620,12.042,18.027,13.002,0.003,12.998,-0.01
200121,12.042,18.027,13.002,0.003,12.998,0.006
200603,12.042,18.027,13.002,0.003,12.998,-0.01
201110,12.042,18.027,13.002,0.003,12.998,-0.01
201586,12.042,18.027,13.002,0.003,12.998,-0.01
202090,12.042,18.027,13.002,0.003,12.998,-0.01
202569,12.042,18.027,13.002,0.003,12.998,-0.01
203113,12.042,18.027,13.002,0.003,12.998,-0.01
203613,12.042,18.027,13.002,0.003,12.998,-0.01
204086,12.042,18.027,13.002,0.003,12.998,-0.01
204597,12.042,18.027,13.002,0.003,12.998,-0.01
205071,12.042,18.027,13.002,0.003,12.998,-0.01
205575,12.042,18.027,13.002,0.003,12.998,-0.01
206049,12.042,18.027,13.002,0.003,13.014,-0.01
206573,12.042,18.027,13.002,0.003,12.998,-0.01
207065,12.042,18.027,13.002,0.003,13.014,-0.01
207569,12.042,18.027,13.002,0.003,13.014,-0.01
208046,12.042,18.027,13.002,0.003,13.014,0.006
208560,12.042,18.027,13.002,0.003,13.014,-0.01
209039,12.042,18.027,13.002,0.003,13.014,-0.01
209550,12.042,18.027,13.002,0.003,13.014,-0.01
210026,12.042,18.027,13.002,0.003,13.014,-0.01
210538,12.042,18.027,13.002,0.003,13.014,-0.01
211023,12.042,18.027,13.002,0.003,13.014,-0.01
211534,12.042,18.027,13.002,0.003,13.014,-0.01
212002,12.042,18.027,13.002,0.003,13.014,-0.01
212498,12.042,18.027,13.002,0.003,13.014,0.006
213006,12.042,18.027,13.002,0.003,13.014,-0.01
213504,12.042,18.027,13.002,0.003,13.014,-0.01
213971,12.042,18.027,13.002,0.003,13.014,-0.01
214489,12.042,18.027,13.002,0.003,13.014,-0.01
214978,12.042,18.027,13.002,0.003,13.014,-0.01
215488,12.042,18.027,13.002,0.003,13.014,-0.01
215966,12.042,18.027,13.002,0.003,13.014,-0.01
216470,12.042,18.027,13.002,0.003,13.014,-0.01
216947,12.042,18.027,13.002,0.003,13.014,0.006
217468,12.042,18.027,13.002,0.003,13.014,-0.01
217943,12.042,18.027,13.002,0.003,13.014,-0.01
218439,12.042,18.027,13.002,0.003,13.014,-0.01
218923,12.042,18.027,13.002,0.003,13.014,-0.01
219431,12.042,18.027,13.002,0.003,13.014,0.006
219912,12.042,18.027,13.019,0.003,13.014,-0.01
220412,12.042,18.027,13.019,0.003,13.014,-0.01
220886,12.042,18.027,13.019,0.003,13.014,-0.01
221397,12.042,18.027,13.019,0.003,13.014,-0.01
221875,12.042,18.027,13.019,0.003,13.014,-0.01
222386,12.042,18.027,13.019,0.003,13.014,-0.01
222891,12.042,18.027,13.019,0.003,13.014,-0.01
223473,12.026,18.027,13.019,0.003,13.014,-0.01
223978,12.042,18.027,13.019,0.003,13.014,-0.01
224453,12.026,18.027,13.019,0.003,13.014,-0.01
224944,12.026,18.027,13.019,0.003,13.014,0.006
225412,12.026,18.027,13.019,0.003,13.014,0.006
225916,12.026,18.027,13.019,0.003,13.014,-0.01
226398,12.026,18.027,13.019,0.003,13.014,-0.01
226904,12.026,18.027,13.019,0.003,13.014,-0.01
227377,12.026,18.027,13.019,0.003,13.014,-0.01
227867,12.026,18.027,13.019,0.003,13.014,-0.01
228346,12.026,18.027,13.019,0.003,13.014,-0.01
228872,12.026,18.027,13.019,0.003,13.014,-0.01
229362,12.026,18.027,13.019,0.003,13.014,-0.01
229874,12.026,18.027,13.019,0.003,13.014,-0.01
230351,12.026,18.027,13.019,0.003,13.014,-0.01
230847,12.026,18.027,13.019,0.003,13.014,-0.01
231341,12.026,18.027,13.019,0.003,13.014,-0.01
231856,12.026,18.027,13.019,0.003,13.014,-0.01
232333,12.026,18.027,13.019,0.003,13.014,-0.01
232838,12.026,18.027,13.019,0.003,13.014,-0.01
233326,12.026,18.027,13.019,0.003,13.014,-0.01
233861,12.026,18.027,13.019,0.003,13.014,-0.01
234335,12.026,18.027,13.019,0.003,13.014,-0.01
234837,12.026,18.027,13.019,0.003,13.014,-0.01
235362,12.026,18.027,13.019,0.003,13.014,-0.01
235845,12.026,18.027,13.019,0.003,13.014,-0.01
236355,12.026,18.027,13.019,0.003,13.014,-0.01
236832,12.026,18.027,13.019,0.003,13.014,-0.01
237332,12.026,18.027,13.019,0.003,13.014,-0.01
237808,12.026,18.027,13.019,0.003,13.014,-0.01
238307,12.026,18.027,13.019,0.003,13.014,-0.01
238789,12.026,18.027,13.019,0.003,13.014,-0.01
239312,12.026,18.027,13.019,0.003,13.014,-0.01
239790,12.026,18.027,13.019,0.003,13.014,-0.01
240286,12.026,18.027,13.019,0.003,13.014,-0.01
240768,12.026,18.027,13.019,0.003,13.014,-0.01
241273,12.026,18.027,13.019,0.003,13.014,-0.01
241747,12.026,18.027,13.019,0.003,13.014,-0.01
242252,12.026,18.027,13.019,0.003,13.014,-0.01
242732,12.026,18.027,13.019,0.003,13.014,-0.01
243252,12.026,18.027,13.019,0.003,13.014,-0.01
243749,12.026,18.027,13.019,0.003,13.014,-0.01
244259,12.026,18.027,13.019,0.003,13.014,-0.01
244758,12.026,18.027,13.019,0.003,13.014,-0.01
245246,12.026,18.027,13.019,0.003,13.014,-0.01
245746,12.026,18.027,13.019,0.003,13.014,-0.01
246231,12.026,18.027,13.019,0.003,13.014,-0.01
246738,12.026,18.027,13.019,0.003,13.014,-0.01
247220,12.026,18.027,13.019,0.003,13.014,-0.01
247721,12.026,18.027,13.019,0.003,13.014,0.006
248185,12.026,18.027,13.019,0.003,13.014,-0.01
248692,12.026,18.027,13.019,0.003,13.014,-0.01
249167,12.026,18.027,13.019,0.003,13.014,-0.01
249672,12.026,18.027,13.019,0.003,13.014,-0.01
250144,12.026,18.027,13.019,0.003,13.014,-0.01
250650,12.026,18.027,13.019,0.003,13.031,-0.01
251138,12.026,18.027,13.019,0.003,13.014,-0.01
251658,12.026,18.027,13.019,0.003,13.031,-0.01
252139,12.026,18.027,13.019,0.003,13.031,-0.01
252637,12.026,18.027,13.019,0.003,13.031,-0.01
253134,12.026,18.027,13.019,0.003,13.031,0.006
253659,12.026,18.027,13.019,0.003,13.031,0.006
254153,12.026,18.027,13.019,0.003,13.031,-0.01
254653,12.026,18.027,13.019,0.003,13.031,-0.01
255162,12.026,18.027,13.019,0.003,13.031,-0.01
255643,12.026,18.027,13.019,0.003,13.031,-0.01
256152,12.026,18.027,13.019,0.003,13.031,-0.01
256626,12.026,18.027,13.019,0.003,13.031,0.006
257144,12.026,18.027,13.019,0.003,13.031,-0.01
257626,12.026,18.027,13.019,0.003,13.031,-0.01
258129,12.026,18.027,13.019,0.003,13.031,-0.01
258592,12.026,18.027,13.019,0.003,13.031,-0.01
259116,12.026,18.027,13.019,0.003,13.031,-0.01
259598,12.026,18.027,13.019,0.003,13.031,-0.01
260106,12.026,18.027,13.019,0.003,13.031,-0.01
260593,12.026,18.027,13.019,0.003,13.031,-0.01
261087,12.026,18.027,13.019,0.003,13.031,0.006
261575,12.026,18.027,13.019,0.003,13.031,-0.01
262074,12.026,18.027,13.019,0.003,13.031,-0.01
262557,12.026,18.027,13.019,0.003,13.031,-0.01
263078,12.026,18.027,13.019,0.003,13.031,-0.01
263546,12.026,18.027,13.019,0.003,13.031,-0.01
264083,12.026,18.027,13.019,0.003,13.031,-0.01
264569,12.026,18.027,13.019,0.003,13.031,-0.01
265076,12.026,18.027,13.019,0.003,13.031,0.006
265565,12.026,18.027,13.019,0.003,13.031,-0.01
266080,12.026,18.027,13.019,0.003,13.031,-0.01
266555,12.026,18.027,13.019,0.003,13.031,-0.01
267074,12.026,18.027,13.019,0.003,13.031,-0.01
267550,12.026,18.027,13.019,0.003,13.031,-0.01
268056,12.026,18.027,13.019,0.003,13.031,-0.01
268537,12.026,18.027,13.019,0.003,13.031,-0.01
269046,12.026,18.027,13.019,0.003,13.031,-0.01
269527,12.026,18.027,13.019,0.003,13.031,-0.01
270022,12.026,18.027,13.019,0.003,13.031,-0.01
270501,12.026,18.027,13.019,0.003,13.031,-0.01
271000,12.026,18.027,13.019,0.003,13.031,-0.01
271492,12.026,18.027,13.019,0.003,13.031,0.006
272001,12.026,18.027,13.019,0.003,13.031,-0.01
272488,12.026,18.027,13.019,0.003,13.031,-0.01
273000,12.026,18.027,13.019,0.003,13.031,-0.01
273481,12.026,18.027,13.019,0.003,13.031,0.006
274020,12.026,18.027,13.019,0.003,13.031,-0.01
274487,12.026,18.027,13.019,0.003,13.031,-0.01
275006,12.026,18.027,13.019,0.003,13.031,-0.01
275489,12.026,18.027,13.019,0.003,13.031,-0.01
276001,12.026,18.027,13.019,0.003,13.031,-0.01
276477,12.026,18.027,13.019,0.003,13.031,0.006
276972,12.026,18.027,13.019,0.003,13.031,-0.01
277460,12.026,18.027,13.019,0.003,13.031,-0.01
277969,12.026,18.027,13.019,0.003,13.031,-0.01
278454,12.026,18.027,13.019,0.003,13.031,-0.01
278974,12.026,18.027,13.019,0.003,13.031,-0.01
279456,12.026,18.027,13.019,0.003,13.031,-0.01
279965,12.026,18.027,13.019,0.003,13.031,-0.01
280444,12.026,18.027,13.019,0.003,13.031,0.006
280948,12.026,18.027,13.019,0.003,13.031,-0.01
281419,12.026,18.027,13.019,0.003,13.031,-0.01
281923,12.026,18.027,13.019,0.003,13.031,-0.01
282402,12.026,18.027,13.035,0.003,13.031,-0.01
282910,12.026,18.027,13.035,0.003,13.031,-0.01
283395,12.026,18.027,13.035,0.003,13.031,-0.01
283888,12.026,18.027,13.035,0.003,13.031,-0.01
284394,12.026,18.027,13.035,0.003,13.031,-0.01
284890,12.026,18.027,13.035,0.003,13.031,-0.01
285435,12.026,18.027,13.035,0.003,13.031,-0.01
285941,12.009,18.027,13.035,0.003,13.031,-0.01
286473,12.009,18.027,13.035,0.003,13.031,-0.01
286988,12.009,18.027,13.035,0.003,13.031,-0.01
287462,12.009,18.027,13.035,0.003,13.031,-0.01
287960,12.009,18.027,13.035,0.003,13.031,0.006
288444,12.009,18.027,13.035,0.003,13.031,-0.01
288934,12.009,18.027,13.035,0.003,13.031,-0.01
289412,12.009,18.027,13.035,0.003,13.031,-0.01
289923,12.009,18.027,13.035,0.003,13.031,-0.01
290405,12.009,18.027,13.035,0.003,13.031,-0.01
290913,12.009,18.027,13.035,0.003,13.031,-0.01
291396,12.009,18.027,13.035,0.003,13.031,-0.01
291895,12.009,18.027,13.035,0.003,13.031,-0.01
292369,12.009,18.027,13.035,0.003,13.031,-0.01
292882,12.009,18.027,13.035,0.003,13.031,-0.01
293365,12.009,18.027,13.035,0.003,13.031,-0.01
293865,12.009,18.027,13.035,0.003,13.031,-0.01
294343,12.009,18.027,13.035,0.003,13.031,0.006
294863,12.009,18.027,13.035,0.003,13.031,-0.01
295330,12.009,18.027,13.035,0.003,13.031,-0.01
295833,12.009,18.027,13.035,0.003,13.031,-0.01
296341,12.009,18.027,13.035,0.003,13.031,-0.01
296860,12.009,18.027,13.035,0.003,13.031,-0.01
297321,12.009,18.027,13.035,0.003,13.031,-0.01
297821,12.009,18.027,13.035,0.003,13.031,-0.01
298299,12.009,18.027,13.035,0.003,13.031,-0.01
298814,12.009,18.027,13.035,0.003,13.031,-0.01
299297,12.009,18.027,13.035,0.003,13.031,-0.01
299791,12.009,18.027,13.035,0.003,13.031,-0.01
300266,12.009,18.027,13.035,0.003,13.031,-0.01
300780,12.009,18.027,13.035,0.003,13.031,-0.01
301258,12.009,18.027,13.035,0.003,13.031,-0.01
301774,12.009,18.027,13.035,0.003,13.031,-0.01
302238,12.009,18.027,13.035,0.003,13.031,-0.01
302756,12.009,18.027,13.035,0.003,13.031,-0.01
303242,12.009,18.027,13.035,0.003,13.031,-0.01
303742,12.009,18.027,13.035,0.003,13.031,-0.01
304228,12.009,18.027,13.035,0.003,13.031,-0.01
304727,12.009,18.027,13.035,0.003,13.031,-0.01
305206,12.009,18.027,13.035,0.003,13.031,-0.01
305711,12.009,18.027,13.035,0.003,13.031,-0.01
306191,12.009,18.027,13.035,0.003,13.031,-0.01
306737,12.009,18.027,13.035,0.003,13.031,-0.01
307241,12.009,18.027,13.035,0.003,13.031,0.006
307723,12.009,18.027,13.035,0.003,13.031,-0.01
308230,12.009,18.027,13.035,0.003,13.031,-0.01
308695,12.009,18.027,13.035,0.003,13.047,-0.01
309196,12.009,18.027,13.035,0.003,13.047,-0.01
309684,12.009,18.027,13.035,0.003,13.047,0.006
310194,12.009,18.027,13.035,0.003,13.047,-0.01
310664,12.009,18.027,13.035,0.003,13.047,-0.01
311181,12.009,18.027,13.035,0.003,13.047,-0.01
311658,12.009,18.027,13.035,0.003,13.047,-0.01
312155,12.009,18.027,13.035,0.003,13.047,0.006
312631,12.009,18.027,13.035,0.003,13.047,-0.01
313140,12.009,18.027,13.035,0.003,13.047,-0.01
313618,12.009,18.027,13.035,0.003,13.047,-0.01
314133,12.009,18.027,13.035,0.003,13.047,-0.01
314622,12.009,18.027,13.035,0.003,13.047,-0.01
315138,12.009,18.027,13.035,0.003,13.047,-0.01
315617,12.009,18.027,13.035,0.003,13.047,-0.01
316118,12.009,18.027,13.035,0.003,13.047,-0.01
316620,12.009,18.027,13.035,0.003,13.047,-0.01
317131,12.009,18.027,13.035,0.003,13.047,-0.01
317614,12.009,18.027,13.035,0.003,13.047,-0.01
318114,12.009,18.027,13.035,0.003,13.047,-0.01
318586,12.009,18.027,13.035,0.003,13.047,-0.01
319098,12.009,18.027,13.035,0.003,13.047,0.006
319576,12.009,18.027,13.035,0.003,13.047,-0.01
320084,12.009,18.027,13.035,0.003,13.047,-0.01
320553,12.009,18.027,13.035,0.003,13.047,0.006
321070,12.009,18.027,13.035,0.003,13.047,-0.01
321537,12.009,18.027,13.035,0.003,13.047,0.006
322029,12.009,18.027,13.035,0.003,13.047,-0.01
322517,12.009,18.027,13.035,0.003,13.047,-0.01
323027,12.009,18.027,13.035,0.003,13.047,0.006
323485,12.009,18.027,13.035,0.003,13.047,-0.01
323996,12.009,18.027,13.035,0.003,13.047,-0.01
324474,12.009,18.027,13.035,0.003,13.047,-0.01
324980,12.009,18.027,13.035,0.003,13.047,-0.01
325466,12.009,18.027,13.035,0.003,13.047,-0.01
325966,12.009,18.027,13.035,0.003,13.047,-0.01
326446,12.009,18.027,13.035,0.003,13.047,-0.01
326996,12.009,18.027,13.035,0.003,13.047,-0.01
327504,12.009,18.027,13.035,0.003,13.047,-0.01
327978,12.009,18.027,13.035,0.003,13.047,0.006
328498,12.009,18.027,13.035,0.003,13.047,-0.01
328979,12.009,18.027,13.035,0.003,13.047,-0.01
329485,12.009,18.027,13.035,0.003,13.047,-0.01
329961,12.009,18.027,13.035,0.003,13.047,0.006
330467,12.009,18.027,13.035,0.003,13.047,-0.01
330963,12.009,18.027,13.035,0.003,13.047,-0.01
331476,12.009,18.027,13.035,0.003,13.047,-0.01
331948,12.009,18.027,13.035,0.003,13.047,-0.01
332453,12.009,18.027,13.035,0.003,13.047,-0.01
332908,12.009,18.027,13.035,0.003,13.047,-0.01
333410,12.009,18.027,13.035,0.003,13.047,-0.01
333873,12.009,18.027,13.035,0.003,13.047,-0.01
334375,12.009,18.027,13.035,0.003,13.047,-0.01
334861,12.009,18.027,13.035,0.003,13.047,0.006
335360,12.009,18.027,13.035,0.003,13.047,-0.01
335843,12.009,18.027,13.035,0.003,13.047,-0.01
336355,12.009,18.027,13.035,0.003,13.047,-0.01
336863,12.009,18.027,13.035,0.003,13.047,-0.01
337365,12.009,18.027,13.035,0.003,13.047,-0.01
337851,12.009,18.027,13.035,0.003,13.047,-0.01
338356,12.009,18.027,13.035,0.003,13.047,0.006
338839,12.009,18.027,13.035,0.003,13.047,-0.01
339342,12.009,18.027,13.035,0.003,13.047,-0.01
339837,12.009,18.027,13.035,0.003,13.047,-0.01
340342,12.009,18.027,13.035,0.003,13.047,-0.01
340814,12.009,18.027,13.035,0.003,13.047,-0.01
341319,12.009,18.027,13.035,0.003,13.047,-0.01
341817,12.009,18.027,13.035,0.003,13.047,-0.01
342308,12.009,18.027,13.035,0.003,13.047,-0.01
342796,12.009,18.027,13.035,0.003,13.047,-0.01
343309,12.009,18.027,13.035,0.003,13.047,-0.01
343793,12.009,18.027,13.035,0.003,13.047,-0.01
344303,12.009,18.027,13.035,0.003,13.047,-0.01
344779,12.009,18.027,13.035,0.003,13.047,-0.01
345301,12.009,18.027,13.035,0.003,13.047,-0.01
345778,12.009,18.027,13.035,0.003,13.047,-0.01
346284,12.009,18.027,13.035,0.003,13.047,-0.01
346754,12.009,18.027,13.035,0.003,13.047,-0.01
347284,11.992,18.027,13.035,0.003,13.047,-0.01
347797,12.009,18.027,13.035,0.003,13.047,-0.01
348281,12.009,18.027,13.035,0.003,13.047,-0.01
348809,11.992,18.027,13.035,0.003,13.047,0.006
349292,11.992,18.027,13.035,0.003,13.047,-0.01
349798,11.992,18.027,13.035,0.003,13.047,-0.01
350259,11.992,18.027,13.035,0.003,13.047,0.006
350772,11.992,18.027,13.035,0.003,13.047,-0.01
351257,11.992,18.027,13.035,0.003,13.047,-0.01
351760,11.992,18.027,13.035,0.003,13.047,0.006
352232,11.992,18.027,13.035,0.003,13.047,-0.01
352748,11.992,18.027,13.035,0.003,13.047,-0.01
353228,11.992,18.027,13.035,0.003,13.047,0.006
353740,11.992,18.027,13.035,0.003,13.047,-0.01
354223,11.992,18.027,13.035,0.003,13.047,-0.01
354746,11.992,18.027,13.035,0.003,13.047,-0.01
355226,11.992,18.027,13.035,0.003,13.047,-0.01
355735,11.992,18.027,13.035,0.003,13.047,-0.01
356218,11.992,18.027,13.035,0.003,13.047,-0.01
356729,11.992,18.027,13.035,0.003,13.047,0.006
357210,11.992,18.027,13.035,0.003,13.047,-0.01
357723,11.992,18.027,13.035,0.003,13.047,-0.01
358204,11.992,18.027,13.035,0.003,13.047,-0.01
358755,11.992,18.027,13.052,0.003,13.047,-0.01
359233,11.992,18.027,13.052,0.003,13.047,-0.01
359746,11.992,18.027,13.052,0.003,13.047,0.006
360254,11.992,18.027,13.052,0.003,13.047,-0.01
360737,11.992,18.027,13.052,0.003,13.047,-0.01
361237,11.992,18.027,13.052,0.003,13.047,0.006
361723,11.992,18.027,13.052,0.003,13.047,-0.01
362228,11.992,18.027,13.052,0.003,13.047,-0.01
362693,11.992,18.027,13.052,0.003,13.047,-0.01
363202,11.992,18.027,13.052,0.003,13.047,-0.01
363688,11.992,18.027,13.052,0.003,13.047,-0.01
364176,11.992,18.027,13.052,0.003,13.047,0.006
364641,11.992,18.027,13.052,0.003,13.047,-0.01
365152,11.992,18.027,13.052,0.003,13.047,-0.01
365624,11.992,18.027,13.052,0.003,13.047,-0.01
366128,11.992,18.027,13.052,0.003,13.047,-0.01
366604,11.992,18.027,13.052,0.003,13.047,-0.01
367124,11.992,18.027,13.052,0.003,13.047,-0.01
367596,11.992,18.027,13.052,0.003,13.047,-0.01
368102,11.992,18.027,13.052,0.003,13.047,-0.01
368577,11.992,18.027,13.052,0.003,13.047,0.006
369114,11.992,18.027,13.052,0.003,13.047,0.006
369587,11.992,18.027,13.052,0.003,13.047,-0.01
370090,11.992,18.027,13.052,0.003,13.047,-0.01
370571,11.992,18.027,13.052,0.003,13.047,-0.01
371082,11.992,18.027,13.052,0.003,13.047,-0.01
371565,11.992,18.027,13.052,0.003,13.047,-0.01
372069,11.992,18.027,13.052,0.003,13.047,-0.01
372555,11.992,18.027,13.052,0.003,13.047,-0.01
373064,11.992,18.027,13.052,0.003,13.047,-0.01
373543,11.992,18.027,13.052,0.003,13.047,-0.01
374049,11.992,18.027,13.052,0.003,13.047,-0.01
374519,11.992,18.027,13.052,0.003,13.047,-0.01
375027,11.992,18.027,13.052,0.003,13.047,-0.01
375513,11.992,18.027,13.052,0.003,13.047,-0.01
376020,11.992,18.027,13.052,0.003,13.047,-0.01
376492,11.992,18.027,13.052,0.003,13.047,0.006
376993,11.992,18.027,13.052,0.003,13.047,-0.01
377468,11.992,18.027,13.052,0.003,13.047,-0.01
377977,11.992,18.027,13.052,0.003,13.047,-0.01
378453,11.992,18.027,13.052,0.003,13.047,-0.01
379013,11.992,18.027,13.052,0.003,13.047,-0.01
379521,11.992,18.027,13.052,0.003,13.047,-0.01
379998,11.992,18.027,13.052,0.003,13.047,-0.01
380504,11.992,18.027,13.052,0.003,13.047,0.006
380987,11.992,18.027,13.052,0.003,13.047,-0.01
381506,11.992,18.027,13.052,0.003,13.047,-0.01
381975,11.992,18.027,13.052,0.003,13.047,-0.01
382465,11.992,18.027,13.052,0.003,13.047,-0.01
382962,11.992,18.027,13.052,0.003,13.047,-0.01
383458,11.992,18.027,13.052,0.003,13.047,-0.01
383941,11.992,18.027,13.052,0.003,13.047,-0.01
384440,11.992,18.027,13.052,0.003,13.047,-0.01
384914,11.992,18.027,13.052,0.003,13.047,-0.01
385413,11.992,18.027,13.052,0.003,13.047,-0.01
385896,11.992,18.027,13.052,0.003,13.047,0.006
386387,11.992,18.027,13.052,0.003,13.047,0.006
386862,11.992,18.027,13.052,0.003,13.047,-0.01
387384,11.992,18.027,13.052,0.003,13.047,-0.01
387874,11.992,18.027,13.052,0.003,13.047,-0.01
388379,11.992,18.027,13.052,0.003,13.047,-0.01
388862,11.992,18.027,13.052,0.003,13.064,-0.01
389390,11.992,18.027,13.052,0.003,13.064,-0.01
389895,11.992,18.027,13.052,0.003,13.047,-0.01
390364,11.992,18.027,13.052,0.003,13.064,-0.01
390883,11.992,18.027,13.052,0.003,13.064,-0.01
391373,11.992,18.027,13.052,0.003,13.064,-0.01
391865,11.992,18.027,13.052,0.003,13.064,-0.01
392343,11.992,18.027,13.052,0.003,13.064,-0.01
392853,11.992,18.027,13.052,0.003,13.064,-0.01
393342,11.992,18.027,13.052,0.003,13.064,-0.01
393848,11.992,18.027,13.052,0.003,13.064,0.006
394331,11.992,18.027,13.052,0.003,13.064,-0.01
394862,11.992,18.027,13.052,0.003,13.064,-0.01
395326,11.992,18.027,13.052,0.003,13.064,-0.01
395837,11.992,18.027,13.052,0.003,13.064,0.006
396338,11.992,18.027,13.052,0.003,13.064,-0.01
396812,11.992,18.027,13.052,0.003,13.064,0.006
397320,11.992,18.027,13.052,0.003,13.064,0.006
397803,11.992,18.027,13.052,0.003,13.064,-0.01
398307,11.992,18.027,13.052,0.003,13.064,-0.01
398788,11.992,18.027,13.052,0.003,13.064,0.006
399329,11.992,18.027,13.052,0.003,13.064,-0.01
399810,11.992,18.027,13.052,0.003,13.064,-0.01
400321,11.992,18.027,13.052,0.003,13.064,-0.01
400816,11.992,18.027,13.052,0.003,13.064,-0.01
401327,11.992,18.027,13.052,0.003,13.064,-0.01
401814,11.992,18.027,13.052,0.003,13.064,-0.01
402320,11.992,18.027,13.052,0.003,13.064,-0.01
402822,11.992,18.027,13.052,0.003,13.064,-0.01
403331,11.992,18.027,13.052,0.003,13.064,-0.01
403817,11.992,18.027,13.052,0.003,13.064,-0.01
404326,11.992,18.027,13.052,0.003,13.064,-0.01
404802,11.992,18.027,13.052,0.003,13.064,-0.01
405302,11.992,18.027,13.052,0.003,13.064,-0.01
405783,11.992,18.027,13.052,0.003,13.064,-0.01
406298,11.992,18.027,13.052,0.003,13.064,-0.01
406789,11.992,18.027,13.052,0.003,13.064,0.006
407301,11.992,18.027,13.052,0.003,13.064,-0.01
407784,11.992,18.027,13.052,0.003,13.064,-0.01
408327,11.992,18.027,13.052,0.003,13.064,-0.01
408822,11.992,18.027,13.052,0.003,13.064,-0.01
409300,11.976,18.027,13.052,0.003,13.064,-0.01
409796,11.976,18.027,13.052,0.003,13.064,-0.01
410268,11.976,18.027,13.052,0.003,13.064,-0.01
410791,11.976,18.027,13.052,0.003,13.064,-0.01
411276,11.976,18.027,13.052,0.003,13.064,-0.01
411786,11.976,18.027,13.052,0.003,13.064,-0.01
412271,11.976,18.027,13.052,0.003,13.064,-0.01
412783,11.976,18.027,13.052,0.003,13.064,-0.01
413256,11.976,18.027,13.052,0.003,13.064,-0.01
413764,11.976,18.027,13.052,0.003,13.064,-0.01
414243,11.976,18.027,13.052,0.003,13.064,-0.01
414770,11.976,18.027,13.052,0.003,13.064,-0.01
415250,11.976,18.027,13.052,0.003,13.064,-0.01
415754,11.976,18.027,13.052,0.003,13.064,0.006
416219,11.976,18.027,13.052,0.003,13.064,-0.01
416734,11.976,18.027,13.052,0.003,13.064,-0.01
417217,11.976,18.027,13.052,0.003,13.064,-0.01
417736,11.976,18.027,13.052,0.003,13.064,-0.01
418240,11.976,18.027,13.052,0.003,13.064,-0.01
418760,11.976,18.027,13.052,0.003,13.064,0.006
419237,11.976,18.027,13.052,0.003,13.064,-0.01
419735,11.976,18.027,13.052,0.003,13.064,-0.01
420225,11.976,18.027,13.052,0.003,13.064,-0.01
420726,11.976,18.027,13.052,0.003,13.064,-0.01
421207,11.976,18.027,13.052,0.003,13.064,-0.01
421697,11.976,18.027,13.052,0.003,13.064,-0.01
422164,11.976,18.027,13.052,0.003,13.064,0.006
422674,11.976,18.027,13.052,0.003,13.064,-0.01
423138,11.976,18.027,13.052,0.003,13.064,-0.01
423639,11.976,18.027,13.052,0.003,13.064,-0.01
424101,11.976,18.027,13.052,0.003,13.064,0.006
424607,11.976,18.027,13.052,0.003,13.064,-0.01
425077,11.976,18.027,13.052,0.003,13.064,-0.01
425586,11.976,18.027,13.052,0.003,13.064,0.006
426067,11.976,18.027,13.052,0.003,13.064,-0.01
426579,11.976,18.027,13.052,0.003,13.064,0.006
427062,11.976,18.027,13.052,0.003,13.064,0.006
427565,11.976,18.027,13.052,0.003,13.064,0.006
428043,11.976,18.027,13.052,0.003,13.064,-0.01
428577,11.976,18.027,13.052,0.003,13.064,0.006
429089,11.976,18.027,13.052,0.003,13.064,-0.01
429573,11.976,18.027,13.052,0.003,13.064,-0.01
430072,11.976,18.027,13.052,0.003,13.064,-0.01
430560,11.976,18.027,13.052,0.003,13.064,-0.01
431068,11.976,18.027,13.052,0.003,13.064,-0.01
431551,11.976,18.027,13.052,0.003,13.064,-0.01
432065,11.976,18.027,13.052,0.003,13.064,-0.01
432544,11.976,18.027,13.052,0.003,13.064,-0.01
433043,11.976,18.027,13.052,0.003,13.064,0.006
433523,11.976,18.027,13.052,0.003,13.064,-0.01
434034,11.976,18.027,13.052,0.003,13.064,-0.01
434507,11.976,18.027,13.052,0.003,13.064,0.006
435011,11.976,18.027,13.052,0.003,13.064,-0.01
435507,11.976,18.027,13.052,0.003,13.064,-0.01
436005,11.976,18.027,13.052,0.003,13.064,-0.01
436472,11.976,18.027,13.052,0.003,13.064,0.006
436980,11.976,18.027,13.052,0.003,13.064,-0.01
437465,11.976,18.027,13.052,0.003,13.064,-0.01
437965,11.976,18.027,13.052,0.003,13.064,-0.01
438468,11.976,18.027,13.052,0.003,13.064,-0.01
438993,11.976,18.027,13.052,0.003,13.064,-0.01
439476,11.976,18.027,13.052,0.003,13.064,-0.01
439974,11.976,18.027,13.052,0.003,13.064,0.006
440461,11.976,18.027,13.052,0.003,13.064,-0.01
440964,11.976,18.027,13.052,0.003,13.064,0.006
441440,11.976,18.027,13.052,0.003,13.064,-0.01
441943,11.976,18.027,13.052,0.003,13.064,-0.01
442425,11.976,18.027,13.052,0.003,13.064,-0.01
442941,11.976,18.027,13.052,0.003,13.064,-0.01
443415,11.976,18.027,13.052,0.003,13.064,-0.01
443922,11.976,18.027,13.052,0.003,13.064,-0.01
444406,11.976,18.027,13.052,0.003,13.064,-0.01
444913,11.976,18.027,13.052,0.003,13.064,-0.01
445389,11.976,18.027,13.052,0.003,13.064,-0.01
445902,11.976,18.027,13.052,0.003,13.064,-0.01
446366,11.976,18.027,13.052,0.003,13.064,0.006
446899,11.976,18.027,13.052,0.003,13.064,-0.01
447370,11.976,18.027,13.052,0.003,13.064,-0.01
447885,11.976,18.027,13.052,0.003,13.064,-0.01
448421,11.976,18.027,13.052,0.003,13.064,-0.01
448893,11.976,18.027,13.052,0.003,13.064,0.006
449405,11.976,18.027,13.052,0.003,13.064,-0.01
449879,11.976,18.027,13.052,0.003,13.064,-0.01
450383,11.976,18.027,13.052,0.003,13.064,-0.01
450866,11.976,18.027,13.052,0.003,13.064,-0.01
451365,11.976,18.027,13.052,0.003,13.064,-0.01
451846,11.976,18.027,13.052,0.003,13.064,0.006
452348,11.976,18.027,13.052,0.003,13.064,-0.01
452833,11.976,18.027,13.052,0.003,13.064,-0.01
453325,11.976,18.027,13.052,0.003,13.064,-0.01
453804,11.976,18.027,13.052,0.003,13.064,-0.01
454308,11.976,18.027,13.052,0.003,13.064,-0.01
454794,11.976,18.027,13.052,0.003,13.064,-0.01
455301,11.976,18.027,13.052,0.003,13.064,-0.01
455777,11.976,18.027,13.052,0.003,13.064,0.006
456284,11.976,18.027,13.052,0.003,13.064,-0.01
456754,11.976,18.027,13.052,0.003,13.064,0.006
457261,11.976,18.027,13.052,0.003,13.064,-0.01
457743,11.976,18.027,13.052,0.003,13.064,-0.01
458250,11.976,18.027,13.052,0.003,13.064,-0.01
458775,11.976,18.027,13.052,0.003,13.064,-0.01
459278,11.976,18.027,13.052,0.003,13.064,-0.01
459792,11.976,18.027,13.052,0.003,13.064,-0.01
460278,11.976,18.027,13.052,0.003,13.064,-0.01
460791,11.976,18.027,13.052,0.003,13.064,0.006
461275,11.976,18.027,13.052,0.003,13.064,-0.01
461777,11.976,18.027,13.052,0.003,13.064,0.006
462261,11.976,18.027,13.052,0.003,13.064,-0.01
462780,11.976,18.027,13.052,0.003,13.064,-0.01
463260,11.976,18.027,13.052,0.003,13.064,-0.01
463817,11.976,18.027,13.052,0.003,13.064,0.006
464326,11.976,18.027,13.052,0.003,13.064,-0.01
464852,11.959,18.027,13.052,0.003,13.064,0.006
465399,11.976,18.027,13.052,0.003,13.064,-0.01
465891,11.959,18.027,13.052,0.003,13.064,-0.01
466398,11.959,18.027,13.052,0.003,13.064,-0.01
466875,11.959,18.027,13.052,0.003,13.064,-0.01
467385,11.959,18.027,13.052,0.003,13.064,-0.01
467859,11.959,18.027,13.052,0.003,13.064,-0.01
468362,11.959,18.027,13.052,0.003,13.064,-0.01
468847,11.959,18.027,13.052,0.003,13.064,-0.01
469342,11.959,18.027,13.052,0.003,13.064,-0.01
469840,11.959,18.027,13.052,0.003,13.064,-0.01
470352,11.959,18.027,13.052,0.003,13.064,-0.01
470843,11.959,18.027,13.052,0.003,13.064,-0.01
471354,11.959,18.027,13.052,0.003,13.064,-0.01
471841,11.959,18.027,13.052,0.003,13.064,-0.01
472339,11.959,18.027,13.052,0.003,13.064,-0.01
472809,11.959,18.027,13.052,0.003,13.064,-0.01
473321,11.959,18.027,13.052,0.003,13.064,0.006
473805,11.959,18.027,13.052,0.003,13.064,-0.01
474300,11.959,18.027,13.052,0.003,13.064,0.006
474793,11.959,18.027,13.052,0.003,13.064,-0.01
475322,11.959,18.027,13.052,0.003,13.064,0.006
475786,11.959,18.027,13.052,0.003,13.064,-0.01
476281,11.959,18.027,13.052,0.003,13.064,-0.01
476768,11.959,18.027,13.052,0.003,13.064,-0.01
477263,11.959,18.027,13.052,0.003,13.064,-0.01
477733,11.959,18.027,13.052,0.003,13.064,-0.01
478239,11.959,18.027,13.052,0.003,13.064,-0.01
478713,11.959,18.027,13.052,0.003,13.064,0.006
479208,11.959,18.027,13.052,0.003,13.064,-0.01
479686,11.959,18.027,13.052,0.003,13.064,0.006
480195,11.959,18.027,13.052,0.003,13.064,-0.01
480662,11.959,18.027,13.052,0.003,13.064,-0.01
481163,11.959,18.027,13.052,0.003,13.064,-0.01
481641,11.959,18.027,13.052,0.003,13.064,-0.01
482145,11.959,18.027,13.052,0.003,13.064,0.006
482622,11.959,18.027,13.052,0.003,13.064,-0.01
483125,11.959,18.027,13.052,0.003,13.064,-0.01
483601,11.959,18.027,13.052,0.003,13.064,-0.01
484110,11.959,18.027,13.052,0.003,13.064,0.006
484593,11.959,18.027,13.052,0.003,13.064,-0.01
485102,11.959,18.027,13.052,0.003,13.064,-0.01
485620,11.959,18.027,13.052,0.003,13.064,-0.01
486123,11.959,18.027,13.052,0.003,13.064,-0.01
486632,11.959,18.027,13.052,0.003,13.064,-0.01
487117,11.959,18.027,13.052,0.003,13.064,-0.01
487627,11.959,18.027,13.052,0.003,13.064,-0.01
488107,11.959,18.027,13.052,0.003,13.064,-0.01
488611,11.959,18.027,13.052,0.003,13.064,-0.01
489100,11.959,18.027,13.052,0.003,13.064,-0.01
489616,11.959,18.027,13.052,0.003,13.064,-0.01
490090,11.959,18.027,13.052,0.003,13.064,-0.01
490608,11.959,18.027,13.052,0.003,13.064,-0.01
491070,11.959,18.027,13.052,0.003,13.064,-0.01
491568,11.959,18.027,13.052,0.003,13.064,-0.01
492055,11.959,18.027,13.052,0.003,13.064,-0.01
492551,11.959,18.027,13.052,0.003,13.064,0.006
493029,11.959,18.027,13.052,0.003,13.064,-0.01
493537,11.959,18.027,13.052,0.003,13.064,-0.01
494019,11.959,18.027,13.052,0.003,13.064,-0.01
494520,11.959,18.027,13.069,0.003,13.064,-0.01
495008,11.959,18.027,13.052,0.003,13.064,-0.01
495545,11.959,18.027,13.052,0.003,13.064,-0.01
496031,11.959,18.027,13.069,0.003,13.064,-0.01
496543,11.959,18.027,13.069,0.003,13.064,-0.01
497029,11.959,18.027,13.069,0.003,13.064,-0.01
497530,11.959,18.027,13.069,0.003,13.064,-0.01
498011,11.959,18.027,13.069,0.003,13.064,0.006
498522,11.959,18.027,13.069,0.003,13.064,-0.01
499019,11.959,18.027,13.069,0.003,13.064,0.006
499528,11.959,18.027,13.069,0.003,13.064,-0.01
500027,11.959,18.027,13.069,0.003,13.064,0.006
500498,11.959,18.027,13.069,0.003,13.081,-0.01
501008,11.959,18.027,13.069,0.003,13.081,-0.01
501494,11.959,18.027,13.069,0.003,13.081,-0.01
501991,11.959,18.027,13.069,0.003,13.081,0.006
502462,11.959,18.027,13.069,0.003,13.081,-0.01
502973,11.959,18.027,13.069,0.003,13.081,-0.01
503454,11.959,18.027,13.069,0.003,13.081,-0.01
503969,11.959,18.027,13.069,0.003,13.081,-0.01
504442,11.959,18.027,13.069,0.003,13.081,0.006
504938,11.959,18.027,13.069,0.003,13.081,-0.01
505417,11.959,18.027,13.069,0.003,13.081,0.006
505963,11.959,18.027,13.069,0.003,13.081,-0.01
506444,11.959,18.027,13.069,0.003,13.081,-0.01
506961,11.959,18.027,13.069,0.003,13.081,-0.01
507441,11.959,18.027,13.069,0.003,13.081,-0.01
507953,11.959,18.027,13.069,0.003,13.081,-0.01
508435,11.959,18.027,13.069,0.003,13.081,-0.01
508937,11.959,18.027,13.069,0.003,13.081,0.006
509429,11.959,18.027,13.069,0.003,13.081,-0.01
509928,11.959,18.027,13.069,0.003,13.081,-0.01
510409,11.959,18.027,13.069,0.003,13.081,-0.01
510918,11.959,18.027,13.069,0.003,13.081,0.006
511403,11.959,18.027,13.069,0.003,13.081,-0.01
511901,11.959,18.027,13.069,0.003,13.081,0.006
512388,11.959,18.027,13.069,0.003,13.081,-0.01
512903,11.959,18.027,13.069,0.003,13.081,0.006
513380,11.959,18.027,13.069,0.003,13.081,0.006
513889,11.959,18.027,13.069,0.003,13.081,-0.01
514385,11.959,18.027,13.069,0.003,13.081,-0.01
514905,11.959,18.027,13.069,0.003,13.081,0.006
515386,11.959,18.027,13.069,0.003,13.081,-0.01
515924,11.959,18.027,13.069,0.003,13.081,-0.01
516398,11.959,18.027,13.069,0.003,13.081,0.006
516896,11.959,18.027,13.069,0.003,13.081,-0.01
517375,11.959,18.027,13.069,0.003,13.081,0.006
517879,11.959,18.027,13.069,0.003,13.081,-0.01
518372,11.942,18.027,13.069,0.003,13.081,-0.01
518949,11.959,18.027,13.069,0.003,13.081,-0.01
519457,11.942,18.027,13.069,0.003,13.081,-0.01
519927,11.942,18.027,13.069,0.003,13.081,-0.01
520430,11.942,18.027,13.069,0.003,13.081,0.006
520896,11.942,18.027,13.069,0.003,13.081,-0.01
521403,11.942,18.027,13.069,0.003,13.081,-0.01
