18A Test,,,,,BLACK-KOP-YH201812,BLACK-KOP-YH201812
Time (ms),Voltage1 (V),Current1 (A),Voltage2 (V),Current2 (A),Voltage3 (V),Current3 (A)
506,0.003,-0.018,-0.005,0.003,12.135,18.028
1123,-0.147,-0.001,-0.138,0.003,12.085,18.028
1611,-0.147,-0.001,-0.138,0.003,12.052,18.028
2068,-0.147,-0.001,-0.138,0.003,12.019,18.028
2559,-0.147,-0.001,-0.138,0.003,12.002,18.028
3017,-0.147,-0.001,-0.138,0.003,12.002,18.028
3506,-0.147,-0.001,-0.138,0.003,11.986,18.028
3971,-0.147,-0.001,-0.138,0.003,11.969,18.028
4457,-0.147,-0.001,-0.138,0.003,11.969,18.028
4921,-0.147,-0.001,-0.138,0.003,11.969,18.028
5408,-0.147,-0.001,-0.138,0.003,11.953,18.028
5861,-0.147,-0.001,-0.138,0.003,11.953,18.028
6327,-0.147,-0.001,-0.138,0.003,11.953,18.028
6786,-0.147,-0.001,-0.138,0.003,11.936,18.028
7266,-0.147,-0.001,-0.138,0.003,11.936,18.028
7734,-0.147,-0.001,-0.138,0.003,11.936,18.028
8219,-0.147,-0.001,-0.138,0.003,11.919,18.028
8673,-0.147,-0.001,-0.138,0.003,11.919,18.028
9149,-0.147,-0.001,-0.138,0.003,11.919,18.028
9609,-0.147,-0.001,-0.138,0.003,11.919,18.028
10099,-0.147,-0.001,-0.138,0.003,11.903,18.028
10559,-0.147,-0.001,-0.138,0.003,11.903,18.028
11065,-0.147,-0.001,-0.138,0.003,11.903,18.028
11534,-0.147,-0.001,-0.138,0.003,11.886,18.028
12024,-0.147,-0.001,-0.138,0.003,11.886,18.028
12485,-0.147,-0.001,-0.138,0.003,11.886,18.028
12963,-0.147,-0.001,-0.138,0.003,11.886,18.028
13415,-0.147,-0.001,-0.138,0.003,11.87,18.028
13891,-0.147,-0.001,-0.138,0.003,11.87,18.028
14354,-0.147,-0.001,-0.138,0.003,11.87,18.028
14824,-0.147,-0.001,-0.138,0.003,11.87,18.028
15292,-0.147,-0.001,-0.138,0.003,11.853,18.028
15768,-0.147,-0.001,-0.138,0.003,11.853,18.028
16226,-0.147,-0.001,-0.138,0.003,11.853,18.028
16700,-0.147,-0.001,-0.138,0.003,11.853,18.028
17158,-0.147,-0.001,-0.138,0.003,11.853,18.028
17643,-0.147,-0.001,-0.138,0.003,11.837,18.028
18095,-0.147,-0.001,-0.138,0.003,11.837,18.028
18581,-0.147,-0.001,-0.138,0.003,11.837,18.028
19055,-0.147,-0.001,-0.138,0.003,11.837,18.028
19539,-0.147,-0.001,-0.138,0.003,11.837,18.028
20001,-0.147,-0.001,-0.138,0.003,11.837,18.028
20493,-0.147,-0.001,-0.138,0.003,11.82,18.028
20985,-0.147,-0.001,-0.138,0.003,11.82,18.028
21465,-0.147,-0.001,-0.138,0.003,11.82,18.028
21914,-0.147,-0.001,-0.138,0.003,11.82,18.028
22394,-0.147,-0.001,-0.138,0.003,11.82,18.028
22862,-0.147,-0.001,-0.138,0.003,11.82,18.028
23340,-0.147,-0.001,-0.138,0.003,11.82,18.028
23802,-0.147,-0.001,-0.138,0.003,11.82,18.028
24270,-0.147,-0.001,-0.138,0.003,11.803,18.028
24726,-0.147,-0.001,-0.138,0.003,11.803,18.028
25212,-0.147,-0.001,-0.138,0.003,11.803,18.028
25669,-0.147,-0.001,-0.138,0.003,11.803,18.028
26136,-0.147,-0.001,-0.138,0.003,11.803,18.028
26600,-0.147,-0.001,-0.138,0.003,11.803,18.028
27074,-0.147,-0.001,-0.138,0.003,11.803,18.028
27536,-0.147,-0.001,-0.138,0.003,11.803,18.028
28001,-0.147,-0.001,-0.138,0.003,11.803,18.028
28464,-0.147,-0.001,-0.138,0.003,11.803,18.028
28932,-0.147,-0.001,-0.138,0.003,11.803,18.028
29396,-0.147,-0.001,-0.138,0.003,11.803,18.028
29886,-0.147,-0.001,-0.138,0.003,11.803,18.028
30344,-0.147,-0.001,-0.138,0.003,11.803,18.028
30849,-0.147,-0.001,-0.138,0.003,11.787,18.028
31319,-0.147,-0.001,-0.138,0.003,11.787,18.028
31813,-0.147,-0.001,-0.138,0.003,11.787,18.028
32301,-0.147,-0.001,-0.138,0.003,11.787,18.028
32754,-0.147,-0.001,-0.138,0.003,11.787,18.028
33255,-0.147,-0.001,-0.138,0.003,11.787,18.028
33715,-0.147,-0.001,-0.138,0.003,11.787,18.028
34199,-0.147,-0.001,-0.138,0.003,11.787,18.028
34652,-0.147,-0.001,-0.138,0.003,11.787,18.028
35148,-0.147,-0.001,-0.138,0.003,11.787,18.028
35610,-0.147,-0.001,-0.138,0.003,11.787,18.028
36087,-0.147,-0.001,-0.138,0.003,11.787,18.028
36547,-0.147,-0.001,-0.138,0.003,11.787,18.028
37034,-0.147,-0.001,-0.138,0.003,11.787,18.028
37497,-0.147,-0.001,-0.138,0.003,11.787,18.028
37983,-0.147,-0.001,-0.138,0.003,11.787,18.028
38439,-0.147,-0.001,-0.138,0.003,11.787,18.028
38925,-0.147,-0.001,-0.138,0.003,11.787,18.028
39403,-0.147,-0.001,-0.138,0.003,11.787,18.028
39882,-0.147,-0.001,-0.138,0.003,11.787,18.028
40334,-0.147,-0.001,-0.138,0.003,11.787,18.028
40783,-0.147,-0.001,-0.138,0.003,11.787,18.028
41287,-0.147,-0.001,-0.138,0.003,11.787,18.028
41771,-0.147,-0.001,-0.138,0.003,11.787,18.028
42226,-0.147,-0.001,-0.138,0.003,11.787,18.028
42700,-0.147,-0.001,-0.138,0.003,11.787,18.028
43172,-0.147,-0.001,-0.138,0.003,11.787,18.028
43653,-0.147,-0.001,-0.138,0.003,11.787,18.028
44102,-0.147,-0.001,-0.138,0.003,11.787,18.028
44579,-0.147,-0.001,-0.138,0.003,11.787,18.028
45035,-0.147,-0.001,-0.138,0.003,11.787,18.028
45517,-0.147,-0.001,-0.138,0.003,11.787,18.028
45979,-0.147,-0.001,-0.138,0.003,11.787,18.028
46458,-0.147,-0.001,-0.138,0.003,11.787,18.028
46907,-0.147,-0.001,-0.138,0.003,11.787,18.028
47405,-0.147,-0.001,-0.138,0.003,11.787,18.028
47859,-0.147,-0.001,-0.138,0.003,11.787,18.028
48340,-0.147,-0.001,-0.138,0.003,11.787,18.028
48790,-0.147,-0.001,-0.138,0.003,11.787,18.028
49275,-0.147,-0.001,-0.138,0.003,11.787,18.028
49735,-0.147,-0.001,-0.138,0.003,11.787,18.028
50207,-0.147,-0.001,-0.138,0.003,11.787,18.028
50672,-0.147,-0.001,-0.138,0.003,11.787,18.028
51191,-0.147,-0.001,-0.138,0.003,11.787,18.028
51657,-0.147,-0.001,-0.138,0.003,11.787,18.028
52139,-0.147,-0.001,-0.138,0.003,11.787,18.028
52607,-0.147,-0.001,-0.138,0.003,11.787,18.028
53091,-0.147,-0.001,-0.138,0.003,11.787,18.028
53546,-0.147,-0.001,-0.138,0.003,11.787,18.028
54028,-0.147,-0.001,-0.138,0.003,11.787,18.028
54485,-0.147,-0.001,-0.138,0.003,11.787,18.028
54967,-0.147,-0.001,-0.138,0.003,11.787,18.028
55431,-0.147,-0.001,-0.138,0.003,11.787,18.028
55911,-0.147,-0.001,-0.138,0.003,11.787,18.028
56366,-0.147,-0.001,-0.138,0.003,11.787,18.028
56845,-0.147,-0.001,-0.138,0.003,11.787,18.028
57316,-0.147,-0.001,-0.138,0.003,11.787,18.028
57795,-0.147,-0.001,-0.138,0.003,11.787,18.028
58257,-0.147,-0.001,-0.138,0.003,11.787,18.028
58732,-0.147,-0.001,-0.138,0.003,11.787,18.028
59195,-0.147,-0.001,-0.138,0.003,11.787,18.028
59677,-0.147,-0.001,-0.138,0.003,11.787,18.028
60142,-0.147,-0.001,-0.138,0.003,11.787,18.028
60612,-0.147,-0.001,-0.138,0.003,11.787,18.028
61098,-0.147,-0.001,-0.138,0.003,11.787,18.028
61576,-0.147,-0.001,-0.138,0.003,11.787,18.028
62035,-0.147,-0.001,-0.138,0.003,11.787,18.028
62510,-0.147,-0.001,-0.138,0.003,11.787,18.028
62964,-0.147,-0.001,-0.138,0.003,11.787,18.028
63450,-0.147,-0.001,-0.138,0.003,11.787,18.028
63910,-0.147,-0.001,-0.138,0.003,11.787,18.028
64389,-0.147,-0.001,-0.138,0.003,11.787,18.028
64842,-0.147,-0.001,-0.138,0.003,11.787,18.028
65321,-0.147,-0.001,-0.138,0.003,11.787,18.028
65782,-0.147,-0.001,-0.138,0.003,11.787,18.028
66259,-0.147,-0.001,-0.138,0.003,11.787,18.028
66713,-0.147,-0.001,-0.138,0.003,11.787,18.028
67206,-0.147,-0.001,-0.138,0.003,11.787,18.028
67673,-0.147,-0.001,-0.138,0.003,11.787,18.028
68154,-0.147,-0.001,-0.138,0.003,11.787,18.028
68607,-0.147,-0.001,-0.138,0.003,11.787,18.028
69085,-0.147,-0.001,-0.138,0.003,11.787,18.028
69541,-0.147,-0.001,-0.138,0.003,11.787,18.028
70017,-0.147,-0.001,-0.138,0.003,11.787,18.028
70470,-0.147,-0.001,-0.138,0.003,11.787,18.028
70994,-0.147,-0.001,-0.138,0.003,11.787,18.028
71461,-0.147,-0.001,-0.138,0.003,11.787,18.028
71939,-0.147,-0.001,-0.138,0.003,11.787,18.028
72395,-0.147,-0.001,-0.138,0.003,11.787,18.028
72870,-0.147,-0.001,-0.138,0.003,11.787,18.028
73360,-0.147,-0.001,-0.138,0.003,11.787,18.028
73813,-0.147,-0.001,-0.138,0.003,11.787,18.028
74287,-0.147,-0.001,-0.138,0.003,11.787,18.028
74739,-0.147,-0.001,-0.138,0.003,11.787,18.028
75227,-0.147,-0.001,-0.138,0.003,11.787,18.028
75681,-0.147,-0.001,-0.138,0.003,11.787,18.028
76169,-0.147,-0.001,-0.138,0.003,11.787,18.028
76630,-0.147,-0.001,-0.138,0.003,11.787,18.028
77107,-0.147,-0.001,-0.138,0.003,11.787,18.028
77557,-0.147,-0.001,-0.138,0.003,11.787,18.028
78036,-0.147,-0.001,-0.138,0.003,11.787,18.028
78500,-0.147,-0.001,-0.138,0.003,11.787,18.028
78975,-0.147,-0.001,-0.138,0.003,11.787,18.028
79443,-0.147,-0.001,-0.138,0.003,11.787,18.028
79930,-0.147,-0.001,-0.138,0.003,11.787,18.028
80383,-0.147,-0.001,-0.138,0.003,11.787,18.028
80894,-0.147,-0.001,-0.138,0.003,11.787,18.028
81355,-0.147,-0.001,-0.138,0.003,11.787,18.028
81838,-0.147,-0.001,-0.138,0.003,11.787,18.028
82294,-0.147,-0.001,-0.138,0.003,11.787,18.028
82780,-0.147,-0.001,-0.138,0.003,11.787,18.028
83255,-0.147,-0.001,-0.138,0.003,11.787,18.028
83739,-0.147,-0.001,-0.138,0.003,11.787,18.028
84188,-0.147,-0.001,-0.138,0.003,11.787,18.028
84670,-0.147,-0.001,-0.138,0.003,11.787,18.028
85131,-0.147,-0.001,-0.138,0.003,11.787,18.028
85608,-0.147,-0.001,-0.138,0.003,11.787,18.028
86062,-0.147,-0.001,-0.138,0.003,11.787,18.028
86551,-0.147,-0.001,-0.138,0.003,11.787,18.028
87014,-0.147,-0.001,-0.138,0.003,11.787,18.028
87495,-0.147,-0.001,-0.138,0.003,11.787,18.028
87958,-0.147,-0.001,-0.138,0.003,11.787,18.028
88429,-0.147,-0.001,-0.138,0.003,11.787,18.028
88889,-0.147,-0.001,-0.138,0.003,11.787,18.028
89361,-0.147,-0.001,-0.138,0.003,11.787,18.028
89820,-0.147,-0.001,-0.138,0.003,11.787,18.028
90296,-0.147,-0.001,-0.138,0.003,11.787,18.028
90752,-0.147,-0.001,-0.138,0.003,11.787,18.028
91273,-0.147,-0.001,-0.138,0.003,11.787,18.028
91732,-0.147,-0.001,-0.138,0.003,11.787,18.028
92207,-0.147,-0.001,-0.138,0.003,11.787,18.028
92654,-0.147,-0.001,-0.138,0.003,11.787,18.028
93135,-0.147,-0.001,-0.138,0.003,11.787,18.028
93599,-0.147,-0.001,-0.138,0.003,11.787,18.028
94078,-0.147,-0.001,-0.138,0.003,11.787,18.028
94535,-0.147,-0.001,-0.138,0.003,11.787,18.028
95026,-0.147,-0.001,-0.138,0.003,11.787,18.028
95483,-0.147,-0.001,-0.138,0.003,11.787,18.028
95965,-0.147,-0.001,-0.138,0.003,11.787,18.028
96421,-0.147,-0.001,-0.138,0.003,11.787,18.028
96900,-0.147,-0.001,-0.138,0.003,11.787,18.028
97368,-0.147,-0.001,-0.138,0.003,11.787,18.028
97848,-0.147,-0.001,-0.138,0.003,11.787,18.028
98304,-0.147,-0.001,-0.138,0.003,11.787,18.028
98778,-0.147,-0.001,-0.138,0.003,11.787,18.028
99244,-0.147,-0.001,-0.138,0.003,11.787,18.028
99722,-0.147,-0.001,-0.138,0.003,11.787,18.028
100182,-0.147,-0.001,-0.138,0.003,11.787,18.028
100657,-0.147,-0.001,-0.138,0.003,11.787,18.028
101124,-0.147,-0.001,-0.138,0.003,11.787,18.028
101616,-0.147,-0.001,-0.138,0.003,11.787,18.028
102088,-0.147,-0.001,-0.138,0.003,11.787,18.028
102566,-0.147,-0.001,-0.138,0.003,11.787,18.028
103025,-0.147,-0.001,-0.138,0.003,11.787,18.028
103510,-0.147,-0.001,-0.138,0.003,11.787,18.028
103961,-0.147,-0.001,-0.138,0.003,11.787,18.028
104423,-0.147,-0.001,-0.138,0.003,11.787,18.028
104884,-0.147,-0.001,-0.138,0.003,11.787,18.028
105381,-0.147,-0.001,-0.138,0.003,11.787,18.028
105841,-0.147,-0.001,-0.138,0.003,11.787,18.028
106322,-0.147,-0.001,-0.138,0.003,11.787,18.028
106789,-0.147,-0.001,-0.138,0.003,11.787,18.028
107281,-0.147,-0.001,-0.138,0.003,11.787,18.028
107750,-0.147,-0.001,-0.138,0.003,11.787,18.028
108239,-0.147,-0.001,-0.138,0.003,11.787,18.028
108715,-0.147,-0.001,-0.138,0.003,11.787,18.028
109192,-0.147,-0.001,-0.138,0.003,11.787,18.028
109651,-0.147,-0.001,-0.138,0.003,11.787,18.028
110131,-0.147,-0.001,-0.138,0.003,11.787,18.028
110586,-0.147,-0.001,-0.138,0.003,11.787,18.028
111101,-0.147,-0.001,-0.138,0.003,11.787,18.028
111559,-0.147,-0.001,-0.138,0.003,11.787,18.028
112047,-0.147,-0.001,-0.138,0.003,11.787,18.028
112513,-0.147,-0.001,-0.138,0.003,11.787,18.028
112984,-0.147,-0.001,-0.138,0.003,11.787,18.028
113442,-0.147,-0.001,-0.138,0.003,11.787,18.028
113940,-0.147,-0.001,-0.138,0.003,11.787,18.028
114392,-0.147,-0.001,-0.138,0.003,11.787,18.028
114860,-0.147,-0.001,-0.138,0.003,11.787,18.028
115329,-0.147,-0.001,-0.138,0.003,11.787,18.028
115822,-0.147,-0.001,-0.138,0.003,11.787,18.028
116275,-0.147,-0.001,-0.138,0.003,11.787,18.028
116751,-0.147,-0.001,-0.138,0.003,11.787,18.028
117210,-0.147,-0.001,-0.138,0.003,11.787,18.028
117699,-0.147,-0.001,-0.138,0.003,11.787,18.028
118172,-0.147,-0.001,-0.138,0.003,11.787,18.028
118651,-0.147,-0.001,-0.138,0.003,11.787,18.028
119114,-0.147,-0.001,-0.138,0.003,11.787,18.028
119592,-0.147,-0.001,-0.138,0.003,11.787,18.028
120063,-0.147,-0.001,-0.138,0.003,11.787,18.028
120540,-0.147,-0.001,-0.138,0.003,11.787,18.028
120997,-0.147,-0.001,-0.138,0.003,11.787,18.028
121500,-0.147,-0.001,-0.138,0.003,11.787,18.028
121972,-0.147,-0.001,-0.138,0.003,11.787,18.028
122456,-0.147,-0.001,-0.138,0.003,11.787,18.028
122923,-0.147,-0.001,-0.138,0.003,11.787,18.028
123409,-0.147,-0.001,-0.138,0.003,11.787,18.028
123867,-0.147,-0.001,-0.138,0.003,11.787,18.028
124335,-0.147,-0.001,-0.138,0.003,11.787,18.028
124793,-0.147,-0.001,-0.138,0.003,11.787,18.028
125272,-0.147,-0.001,-0.138,0.003,11.787,18.028
125739,-0.147,-0.001,-0.138,0.003,11.787,18.028
126214,-0.147,-0.001,-0.138,0.003,11.787,18.028
126678,-0.147,-0.001,-0.138,0.003,11.787,18.028
127171,-0.147,-0.001,-0.138,0.003,11.787,18.028
127625,-0.147,-0.001,-0.138,0.003,11.787,18.028
128097,-0.147,-0.001,-0.138,0.003,11.787,18.028
128555,-0.147,-0.001,-0.138,0.003,11.787,18.028
129030,-0.147,-0.001,-0.138,0.003,11.787,18.028
129483,-0.147,-0.001,-0.138,0.003,11.787,18.028
129968,-0.147,-0.001,-0.138,0.003,11.787,18.028
130423,-0.147,-0.001,-0.138,0.003,11.787,18.028
130906,-0.147,-0.001,-0.138,0.003,11.787,18.028
131407,-0.147,-0.001,-0.138,0.003,11.787,18.028
131885,-0.147,-0.001,-0.138,0.003,11.787,18.028
132338,-0.147,-0.001,-0.138,0.003,11.787,18.028
132809,-0.147,-0.001,-0.138,0.003,11.787,18.028
133267,-0.147,-0.001,-0.138,0.003,11.787,18.028
133756,-0.147,-0.001,-0.138,0.003,11.787,18.028
134223,-0.147,-0.001,-0.138,0.003,11.787,18.028
134705,-0.147,-0.001,-0.138,0.003,11.787,18.028
135178,-0.147,-0.001,-0.138,0.003,11.787,18.028
135655,-0.147,-0.001,-0.138,0.003,11.787,18.028
136115,-0.147,-0.001,-0.138,0.003,11.787,18.028
136594,-0.147,-0.001,-0.138,0.003,11.787,18.028
137053,-0.147,-0.001,-0.138,0.003,11.787,18.028
137529,-0.147,-0.001,-0.138,0.003,11.787,18.028
137989,-0.147,-0.001,-0.138,0.003,11.787,18.028
138453,-0.147,-0.001,-0.138,0.003,11.787,18.028
138907,-0.147,-0.001,-0.138,0.003,11.787,18.028
139395,-0.147,-0.001,-0.138,0.003,11.787,18.028
139862,-0.147,-0.001,-0.138,0.003,11.787,18.028
140338,-0.147,-0.001,-0.138,0.003,11.787,18.028
140802,-0.147,-0.001,-0.138,0.003,11.787,18.028
141308,-0.147,-0.001,-0.138,0.003,11.787,18.028
141761,-0.147,-0.001,-0.138,0.003,11.787,18.028
142240,-0.147,-0.001,-0.138,0.003,11.787,18.028
142694,-0.147,-0.001,-0.138,0.003,11.787,18.028
143184,-0.147,-0.001,-0.138,0.003,11.787,18.028
143645,-0.147,-0.001,-0.138,0.003,11.787,18.028
144115,-0.147,-0.001,-0.138,0.003,11.787,18.028
144571,-0.147,-0.001,-0.138,0.003,11.787,18.028
145054,-0.147,-0.001,-0.138,0.003,11.787,18.028
145507,-0.147,-0.001,-0.138,0.003,11.787,18.028
145993,-0.147,-0.001,-0.138,0.003,11.787,18.028
146455,-0.147,-0.001,-0.138,0.003,11.787,18.028
146927,-0.147,-0.001,-0.138,0.003,11.787,18.028
147397,-0.147,-0.001,-0.138,0.003,11.787,18.028
147859,-0.147,-0.001,-0.138,0.003,11.787,18.028
148306,-0.147,-0.001,-0.138,0.003,11.787,18.028
148781,-0.147,-0.001,-0.138,0.003,11.787,18.028
149241,-0.147,-0.001,-0.138,0.003,11.787,18.028
149725,-0.147,-0.001,-0.138,0.003,11.787,18.028
150187,-0.147,-0.001,-0.138,0.003,11.787,18.028
150669,-0.147,-0.001,-0.138,0.003,11.787,18.028
151144,-0.147,-0.001,-0.138,0.003,11.787,18.028
151656,-0.147,-0.001,-0.138,0.003,11.787,18.028
152111,-0.147,-0.001,-0.138,0.003,11.787,18.028
152591,-0.147,-0.001,-0.138,0.003,11.787,18.028
153053,-0.147,-0.001,-0.138,0.003,11.787,18.028
153528,-0.147,-0.001,-0.138,0.003,11.787,18.028
153986,-0.147,-0.001,-0.138,0.003,11.787,18.028
154470,-0.147,-0.001,-0.138,0.003,11.787,18.028
154928,-0.147,-0.001,-0.138,0.003,11.787,18.028
155422,-0.147,-0.001,-0.138,0.003,11.787,18.028
155889,-0.147,-0.001,-0.138,0.003,11.787,18.028
156369,-0.147,-0.001,-0.138,0.003,11.787,18.028
156828,-0.147,-0.001,-0.138,0.003,11.787,18.028
157310,-0.147,-0.001,-0.138,0.003,11.787,18.028
157768,-0.147,-0.001,-0.138,0.003,11.787,18.028
158250,-0.147,-0.001,-0.138,0.003,11.787,18.028
158708,-0.147,-0.001,-0.138,0.003,11.787,18.028
159194,-0.147,-0.001,-0.138,0.003,11.787,18.028
159658,-0.147,-0.001,-0.138,0.003,11.787,18.028
160146,-0.147,-0.001,-0.138,0.003,11.787,18.028
160611,-0.147,-0.001,-0.138,0.003,11.787,18.028
161099,-0.147,-0.001,-0.138,0.003,11.787,18.028
161581,-0.147,-0.001,-0.138,0.003,11.787,18.028
162050,-0.147,-0.001,-0.138,0.003,11.787,18.028
162515,-0.147,-0.001,-0.138,0.003,11.787,18.028
163012,-0.147,-0.001,-0.138,0.003,11.787,18.028
163470,-0.147,-0.001,-0.138,0.003,11.787,18.028
163953,-0.147,-0.001,-0.138,0.003,11.787,18.028
164419,-0.147,-0.001,-0.138,0.003,11.787,18.028
164893,-0.147,-0.001,-0.138,0.003,11.787,18.028
165358,-0.147,-0.001,-0.138,0.003,11.787,18.028
165840,-0.147,-0.001,-0.138,0.003,11.787,18.028
166303,-0.147,-0.001,-0.138,0.003,11.787,18.028
166787,-0.147,-0.001,-0.138,0.003,11.787,18.028
167262,-0.147,-0.001,-0.138,0.003,11.787,18.028
167745,-0.147,-0.001,-0.138,0.003,11.787,18.028
168202,-0.147,-0.001,-0.138,0.003,11.787,18.028
168683,-0.147,-0.001,-0.138,0.003,11.787,18.028
169145,-0.147,-0.001,-0.138,0.003,11.787,18.028
169629,-0.147,-0.001,-0.138,0.003,11.787,18.028
170086,-0.147,-0.001,-0.138,0.003,11.787,18.028
170565,-0.147,-0.001,-0.138,0.003,11.787,18.028
171037,-0.147,-0.001,-0.138,0.003,11.787,18.028
171550,-0.147,-0.001,-0.138,0.003,11.77,18.028
172008,-0.147,-0.001,-0.138,0.003,11.77,18.028
172480,-0.147,-0.001,-0.138,0.003,11.77,18.028
172932,-0.147,-0.001,-0.138,0.003,11.77,18.028
173413,-0.147,-0.001,-0.138,0.003,11.77,18.028
173873,-0.147,-0.001,-0.138,0.003,11.77,18.028
174351,-0.147,-0.001,-0.138,0.003,11.77,18.028
174805,-0.147,-0.001,-0.138,0.003,11.77,18.028
175296,-0.147,-0.001,-0.138,0.003,11.77,18.028
175760,-0.147,-0.001,-0.138,0.003,11.77,18.028
176249,-0.147,-0.001,-0.138,0.003,11.77,18.028
176706,-0.147,-0.001,-0.138,0.003,11.77,18.028
177197,-0.147,-0.001,-0.138,0.003,11.77,18.028
177653,-0.147,-0.001,-0.138,0.003,11.77,18.028
178143,-0.147,-0.001,-0.138,0.003,11.77,18.028
178605,-0.147,-0.001,-0.138,0.003,11.77,18.028
179085,-0.147,-0.001,-0.138,0.003,11.77,18.028
179527,-0.147,-0.001,-0.138,0.003,11.77,18.028
180011,-0.147,-0.001,-0.138,0.003,11.77,18.028
180472,-0.147,-0.001,-0.138,0.003,11.77,18.028
180953,-0.147,-0.001,-0.138,0.003,11.77,18.028
181404,-0.147,-0.001,-0.138,0.003,11.77,18.028
181915,-0.147,-0.001,-0.138,0.003,11.77,18.028
182371,-0.147,-0.001,-0.138,0.003,11.77,18.028
182841,-0.147,-0.001,-0.138,0.003,11.77,18.028
183304,-0.147,-0.001,-0.138,0.003,11.77,18.028
183776,-0.147,-0.001,-0.138,0.003,11.77,18.028
184240,-0.147,-0.001,-0.138,0.003,11.77,18.028
184723,-0.147,-0.001,-0.138,0.003,11.77,18.028
185178,-0.147,-0.001,-0.138,0.003,11.77,18.028
185670,-0.147,-0.001,-0.138,0.003,11.77,18.028
186122,-0.147,-0.001,-0.138,0.003,11.77,18.028
186606,-0.147,-0.001,-0.138,0.003,11.77,18.028
187078,-0.147,-0.001,-0.138,0.003,11.77,18.028
187563,-0.147,-0.001,-0.138,0.003,11.77,18.028
188008,-0.147,-0.001,-0.138,0.003,11.77,18.028
188490,-0.147,-0.001,-0.138,0.003,11.77,18.028
188954,-0.147,-0.001,-0.138,0.003,11.77,18.028
189430,-0.147,-0.001,-0.138,0.003,11.77,18.028
189891,-0.147,-0.001,-0.138,0.003,11.77,18.028
190366,-0.147,-0.001,-0.138,0.003,11.77,18.028
190836,-0.147,-0.001,-0.138,0.003,11.77,18.028
191319,-0.147,-0.001,-0.138,0.003,11.77,18.028
191811,-0.147,-0.001,-0.138,0.003,11.77,18.028
192294,-0.147,-0.001,-0.138,0.003,11.77,18.028
192758,-0.147,-0.001,-0.138,0.003,11.77,18.028
193257,-0.147,-0.001,-0.138,0.003,11.77,18.028
193735,-0.147,-0.001,-0.138,0.003,11.77,18.028
194198,-0.147,-0.001,-0.138,0.003,11.77,18.028
194682,-0.147,-0.001,-0.138,0.003,11.77,18.028
195157,-0.147,-0.001,-0.138,0.003,11.77,18.028
195633,-0.147,-0.001,-0.138,0.003,11.77,18.028
196094,-0.147,-0.001,-0.138,0.003,11.77,18.028
196577,-0.147,-0.001,-0.138,0.003,11.77,18.028
197034,-0.147,-0.001,-0.138,0.003,11.77,18.028
197505,-0.147,-0.001,-0.138,0.003,11.77,18.028
197962,-0.147,-0.001,-0.138,0.003,11.77,18.028
198436,-0.147,-0.001,-0.138,0.003,11.77,18.028
198889,-0.147,-0.001,-0.138,0.003,11.77,18.028
199387,-0.147,-0.001,-0.138,0.003,11.77,18.028
199842,-0.147,-0.001,-0.138,0.003,11.77,18.028
200328,-0.147,-0.001,-0.138,0.003,11.77,18.028
200786,-0.147,-0.001,-0.138,0.003,11.77,18.028
201269,-0.147,-0.001,-0.138,0.003,11.77,18.028
201755,-0.147,-0.001,-0.138,0.003,11.77,18.028
202244,-0.147,-0.001,-0.138,0.003,11.77,18.028
202704,-0.147,-0.001,-0.138,0.003,11.77,18.028
203202,-0.147,-0.001,-0.138,0.003,11.77,18.028
203660,-0.147,-0.001,-0.138,0.003,11.77,18.028
204143,-0.147,-0.001,-0.138,0.003,11.77,18.028
204601,-0.147,-0.001,-0.138,0.003,11.77,18.028
205081,-0.147,-0.001,-0.138,0.003,11.77,18.028
205547,-0.147,-0.001,-0.138,0.003,11.77,18.028
206026,-0.147,-0.001,-0.138,0.003,11.77,18.028
206485,-0.147,-0.001,-0.138,0.003,11.77,18.028
206982,-0.147,-0.001,-0.138,0.003,11.77,18.028
207450,-0.147,-0.001,-0.138,0.003,11.77,18.028
207921,-0.147,-0.001,-0.138,0.003,11.77,18.028
208382,-0.147,-0.001,-0.138,0.003,11.77,18.028
208860,-0.147,-0.001,-0.138,0.003,11.77,18.028
209325,-0.147,-0.001,-0.138,0.003,11.77,18.028
209804,-0.147,-0.001,-0.138,0.003,11.77,18.028
210260,-0.147,-0.001,-0.138,0.003,11.77,18.028
210746,-0.147,-0.001,-0.138,0.003,11.77,18.028
211206,-0.147,-0.001,-0.138,0.003,11.77,18.028
211711,-0.147,-0.001,-0.138,0.003,11.77,18.028
212179,-0.147,-0.001,-0.138,0.003,11.77,18.028
212660,-0.147,-0.001,-0.138,0.003,11.77,18.028
213114,-0.147,-0.001,-0.138,0.003,11.77,18.028
213586,-0.147,-0.001,-0.138,0.003,11.77,18.028
214042,-0.147,-0.001,-0.138,0.003,11.77,18.028
214520,-0.147,-0.001,-0.138,0.003,11.77,18.028
214988,-0.147,-0.001,-0.138,0.003,11.77,18.028
215457,-0.147,-0.001,-0.138,0.003,11.754,18.028
215920,-0.147,-0.001,-0.138,0.003,11.754,18.028
216400,-0.147,-0.001,-0.138,0.003,11.754,18.028
216860,-0.147,-0.001,-0.138,0.003,11.754,18.028
217333,-0.147,-0.001,-0.138,0.003,11.754,18.011
217788,-0.147,-0.001,-0.138,0.003,11.754,18.028
218270,-0.147,-0.001,-0.138,0.003,11.754,18.028
218725,-0.147,-0.001,-0.138,0.003,11.754,18.011
219218,-0.147,-0.001,-0.138,0.003,11.754,18.028
219674,-0.147,-0.001,-0.138,0.003,11.754,18.028
220151,-0.147,-0.001,-0.138,0.003,11.754,18.011
220617,-0.147,-0.001,-0.138,0.003,11.754,18.028
221106,-0.147,-0.001,-0.138,0.003,11.754,18.028
221569,-0.147,-0.001,-0.138,0.003,11.754,18.028
222079,-0.147,-0.001,-0.138,0.003,11.754,18.028
222539,-0.147,-0.001,-0.138,0.003,11.754,18.028
223023,-0.147,-0.001,-0.138,0.003,11.754,18.011
223481,-0.147,-0.001,-0.138,0.003,11.754,18.028
223954,-0.147,-0.001,-0.138,0.003,11.754,18.028
224407,-0.147,-0.001,-0.138,0.003,11.754,18.011
224890,-0.147,-0.001,-0.138,0.003,11.754,18.011
225353,-0.147,-0.001,-0.138,0.003,11.754,18.028
225827,-0.147,-0.001,-0.138,0.003,11.754,18.028
226287,-0.147,-0.001,-0.138,0.003,11.754,18.011
226769,-0.147,-0.001,-0.138,0.003,11.754,18.011
227239,-0.147,-0.001,-0.138,0.003,11.754,18.028
227718,-0.147,-0.001,-0.138,0.003,11.754,18.028
228178,-0.147,-0.001,-0.138,0.003,11.754,18.028
228654,-0.147,-0.001,-0.138,0.003,11.754,18.028
229106,-0.147,-0.001,-0.138,0.003,11.754,18.011
229584,-0.147,-0.001,-0.138,0.003,11.754,18.011
230038,-0.147,-0.001,-0.138,0.003,11.754,18.011
230523,-0.147,-0.001,-0.138,0.003,11.754,18.028
230994,-0.147,-0.001,-0.138,0.003,11.754,18.028
231474,-0.147,-0.001,-0.138,0.003,11.754,18.011
231960,-0.147,-0.001,-0.138,0.003,11.754,18.011
232441,-0.147,-0.001,-0.138,0.003,11.754,18.028
232904,-0.147,-0.001,-0.138,0.003,11.754,18.011
233386,-0.147,-0.001,-0.138,0.003,11.754,18.011
233856,-0.147,-0.001,-0.138,0.003,11.754,18.011
234319,-0.147,-0.001,-0.138,0.003,11.754,18.011
234793,-0.147,-0.001,-0.138,0.003,11.754,18.011
235261,-0.147,-0.001,-0.138,0.003,11.754,18.028
235738,-0.147,-0.001,-0.138,0.003,11.754,18.028
236192,-0.147,-0.001,-0.138,0.003,11.754,18.028
236680,-0.147,-0.001,-0.138,0.003,11.754,18.028
237142,-0.147,-0.001,-0.138,0.003,11.754,18.028
237627,-0.147,-0.001,-0.138,0.003,11.754,18.028
238086,-0.147,-0.001,-0.138,0.003,11.754,18.028
238571,-0.147,-0.001,-0.138,0.003,11.754,18.028
239033,-0.147,-0.001,-0.138,0.003,11.754,18.028
239514,-0.147,-0.001,-0.138,0.003,11.754,18.028
239967,-0.147,-0.001,-0.138,0.003,11.754,18.028
240450,-0.147,-0.001,-0.138,0.003,11.754,18.028
240908,-0.147,-0.001,-0.138,0.003,11.754,18.028
241391,-0.147,-0.001,-0.138,0.003,11.754,18.028
241886,-0.147,-0.001,-0.138,0.003,11.754,18.028
242363,-0.147,-0.001,-0.138,0.003,11.754,18.028
242822,-0.147,-0.001,-0.138,0.003,11.754,18.028
243308,-0.147,-0.001,-0.138,0.003,11.754,18.028
243773,-0.147,-0.001,-0.138,0.003,11.754,18.028
244262,-0.147,-0.001,-0.138,0.003,11.754,18.011
244723,-0.147,-0.001,-0.138,0.003,11.754,18.011
245200,-0.147,-0.001,-0.138,0.003,11.754,18.028
245647,-0.147,-0.001,-0.138,0.003,11.754,18.011
246126,-0.147,-0.001,-0.138,0.003,11.754,18.011
246581,-0.147,-0.001,-0.138,0.003,11.754,18.028
247079,-0.147,-0.001,-0.138,0.003,11.754,18.011
247539,-0.147,-0.001,-0.138,0.003,11.754,18.011
248018,-0.147,-0.001,-0.138,0.003,11.754,18.011
248469,-0.147,-0.001,-0.138,0.003,11.754,18.011
248946,-0.147,-0.001,-0.138,0.003,11.754,18.011
249408,-0.147,-0.001,-0.138,0.003,11.754,18.011
249887,-0.147,-0.001,-0.138,0.003,11.754,18.028
250339,-0.147,-0.001,-0.138,0.003,11.754,18.028
250820,-0.147,-0.001,-0.138,0.003,11.754,18.011
251294,-0.147,-0.001,-0.138,0.003,11.737,18.028
251847,-0.147,-0.001,-0.138,0.003,11.737,18.028
252330,-0.147,-0.001,-0.138,0.003,11.737,18.011
